number,folder,opalOutput,opalCG,mergeOutput,CGPool,mergeCG
0,io.laminext:websocket-circe_sjs1_3.0.0-RC1:0.12.1,1,0,1,1,1
1,io.liftwizard:liftwizard-config-data-source:0.12.0,1,0,1,1,1
2,de.bmiag.tapir:tapir-annotations:3.6.2,1,0,1,1,1
3,org.bremersee:bremersee-fac:1.0.1,1,0,1,1,1
4,cn.org.faster:spring-boot-starter-dict:1.4.1.RELEASE,1,0,1,1,1
5,org.netbeans.modules:org-netbeans-modules-debugger-jpda-ant:RELEASE122,1,0,1,1,1
6,de.mhus.lib:lib-j2ee:7.3.0,1,1,1,1,1
7,org.minijax:minijax-security:0.5.9,1,1,1,1,1
8,org.webjars.npm:uppy__thumbnail-generator:1.6.7,1,1,1,1,1
9,org.typelevel:simulacrum_2.13:1.0.1,1,1,1,1,1
10,org.scommons.shogowada:scalajs-history_sjs1_2.12:0.15.0,1,1,1,1,1
11,io.swagger.parser.v3:swagger-parser-v3:2.0.24,1,0,1,1,1
12,io.github.dsc-finance-open:yama-open-sdk:1.0.5,1,1,1,1,1
13,com.github.leozhang123:zaudit:0.2.1,1,0,1,1,1
14,net.sf.jeceira:jeceira:0.1.4,1,1,1,1,1
15,io.joynr.java.messaging.websocket:joynr-websocket-common:1.15.2,1,1,1,1,1
16,com.intuit.fuzzymatcher:fuzzy-matcher:1.0.4,1,1,1,1,1
17,eu.fbk.dh:KD-Models:0.1,1,1,1,1,1
18,net.sourceforge.jbizmo:jbizmo-commons-jsf:5.0.0,1,0,1,1,1
19,org.eclipse.dirigible:dirigible-database:5.6.0,1,0,1,1,1
20,com.avast.clients.rabbitmq:rabbitmq-client-extras-protobuf_2.13:8.5.0,1,0,1,1,1
21,io.indigoengine:indigo-extras_sjs1_3.0.0-M3:0.6.0,1,0,1,1,0
22,ai.h2o:sparkling-water-core_2.11:3.30.1.3-1-2.4,1,0,1,1,1
23,org.netbeans.modules:org-netbeans-modules-xml-text:RELEASE122,1,0,1,1,1
24,org.dkpro.core:dkpro-core-rftagger-asl:2.2.0,1,0,1,1,1
25,com.typesafe.play:play-json_sjs1_2.12:2.10.0-RC1,1,0,1,1,1
26,net.sourceforge.pmd:pmd-visualforce:6.32.0,1,1,1,1,1
27,org.webjars.npm:string.prototype.trimend:1.0.2,1,1,1,1,1
28,org.webjars.npm:multimatch:4.0.0,1,1,1,1,1
29,com.greedystar:generator:1.4.0,1,1,1,1,1
30,net.syberia.storm:storm-rabbitmq:0.1.1,1,1,1,1,1
31,org.apache.hadoop:hadoop-hdfs-rbf:2.10.1,1,1,1,1,1
32,me.shadaj:slinky-hot_sjs0.6_2.13:0.6.6+19-e6702f29,1,0,1,1,1
33,org.apache.nifi:nifi-oauth2-provider-api:1.13.0,1,1,1,1,1
34,org.apache.jackrabbit:oak-upgrade:1.22.5,1,0,1,1,0
35,tech.aegean.next:nirvana-order-board:AN-0.0.1,1,0,1,1,1
36,org.glassfish.grizzly.samples:grizzly-http-ajp-samples:3.0.0,1,1,1,1,1
37,io.vertx:vertx-micrometer-metrics:4.0.0.Beta2,1,1,1,1,1
38,io.scaleplan:spce:0.3.4,1,1,1,1,1
39,com.softwaremill.sttp.shared:core_native0.4_2.13:1.1.0,1,0,1,1,1
40,com.xdev-software:biapi:5.1.0,1,1,1,1,1
41,com.linecorp.armeria:armeria-retrofit2-shaded:0.55.0,1,1,1,1,1
42,software.amazon.awssdk:datasync:2.15.78,1,1,1,1,1
43,org.webjars.npm:types__yaml:1.9.7,1,1,1,1,1
44,com.zepben:ewb-network-routes:2.5.0,1,0,1,1,1
45,com.azure:azure-security-attestation:1.0.0-beta.1,1,0,1,1,1
46,com.github.cukedoctor:cukedoctor-main:3.2,1,0,1,1,0
47,com.linecorp.centraldogma:centraldogma-client-shaded:0.19.0,1,1,1,1,1
48,org.xbib:sshd-client:2.6.0.0,1,0,1,1,0
49,net.sf.sprockets:sprockets:1.1.0,1,1,1,1,1
50,org.opencastproject:opencast-publication-service-configurable:8.10,1,0,1,1,1
51,org.apache.camel.quarkus:camel-quarkus-aws-iam:1.6.0,1,0,1,1,1
52,com.github.hiwepy:websocket-spring-boot-starter:1.0.1.RELEASE,1,0,1,1,1
53,org.wvlet.airframe:airframe-sql_2.12:20.10.0,1,0,1,1,1
54,ru.tinkoff:typed-schema-finagle-circe_2.13:0.13.1,1,0,1,1,1
55,org.wso2.carbon.registry:org.wso2.carbon.registry.ws.api:4.7.37,1,0,1,1,0
56,org.kie.kogito.examples:dmn-drools-quarkus-metrics:1.1.0.Final,1,0,1,1,0
57,com.envisioniot:enos-http-integration:0.1.2,1,0,1,1,0
58,org.webjars.bower:gasparesganga-jquery-loading-overlay:2.1.7,1,0,1,1,0
59,cn.smartcoding:smart-job-core:1.0.0,1,0,1,1,0
60,org.opendaylight.netvirt:bgpmanager-api:0.11.2,1,0,1,1,1
61,com.amazonaws:aws-java-sdk-dms:1.11.912,1,1,1,1,1
62,com.microsoft.edge:msedge-selenium-tools-java:3.141.0,1,0,1,1,0
63,org.wso2.carbon.identity.server.api:org.wso2.carbon.identity.rest.api.server.email.template.v1:1.0.213,1,0,1,1,0
64,org.hswebframework:hsweb-easy-orm-core:4.0.9,1,0,1,1,1
65,de.sciss:lucre-pi_3.0.0-M3:1.4.0,1,0,1,1,0
66,com.github.quarkus-criteria:quarkus-criteria-deployment:1.0.0-RC1,1,0,1,1,0
67,org.scalatest:scalatest-propspec_native0.4.0-M2_2.11:3.2.3,1,0,1,1,1
68,org.apache.camel.k:camel-k-itests-loader-groovy:1.6.0,1,0,1,1,1
69,org.powertac:household-customer:1.7.1,1,0,1,1,1
70,org.wso2.carbon.mediation:org.wso2.carbon.inbound.endpoint:4.7.74,1,0,1,1,0
71,org.apache.camel.quarkus:camel-quarkus-weka:1.2.0,1,0,1,1,0
72,com.github.heuermh.adamcommands:adam-commands_2.12:0.33.0,1,0,1,1,0
73,com.dimafeng:testcontainers-scala-influxdb_2.13:0.38.9,1,1,1,1,1
74,cn.springcloud.gray:spring-cloud-gray-server-plugin-event-longpolling:D.0.1.0-Beta-3,1,0,1,1,1
75,com.github.nscala-time:nscala-time_2.11:2.26.0,1,1,1,1,1
76,com.github.kfcfans:powerjob-client:3.4.2,1,0,1,1,1
77,org.jboss.arquillian.container:arquillian-container-test-impl-base:1.7.0.Alpha7,1,1,1,1,1
78,cn.xnatural.app:app:1.0.2,1,0,1,1,0
79,org.n52.janmayen:janmayen:1.0.0,1,1,1,1,1
80,dev.rafex.ether.jwt:ether-jwt:2.0-v20201126,1,1,1,1,1
81,org.zkoss.zk:zul:9.5.0.2,1,1,1,1,1
82,com.hmsonline:hms-cassandra-indexing:0.16.0,1,0,1,1,0
83,com.genesys:provisioning:9.0.60,1,0,1,1,0
84,com.testerum:step-rdbms-util:4.0.1,1,0,1,1,0
85,com.softwaremill.sttp.client:okhttp-backend-monix_2.12:2.2.7,1,0,1,1,0
86,com.powsybl:powsybl-triple-store-impl-jena:4.0.0-RC1,1,0,1,1,1
87,org.webjars.npm:shallow-clone:3.0.1,1,0,1,1,0
88,net.sf.opk:embedded-glassfish-web-plugin:1.1,1,0,1,1,0
89,org.apache.camel.kafkaconnector:camel-bean-kafka-connector:0.5.0,1,1,1,1,1
90,com.notronix:NewRelicEvents:1.1.001,1,0,1,1,0
91,cn.hll520.linling:linling-core:1.2.0,1,0,1,1,0
92,io.trino.tempto:tempto-examples:183,0,0,0,0,0
93,org.noear:luffy.queue.redis:1.0,1,1,1,1,1
94,org.scalaz:scalaz-deriving-shapeless_2.13:3.0.0-M2,0,0,0,0,0
95,org.apache.aries.cdi:org.apache.aries.cdi.extension.jaxrs:1.1.2,1,1,1,1,1
96,com.github.tonivade:purecheck:0.1,1,0,1,1,0
97,org.apache.cxf.fediz.systests.federation:fediz-systests-federation-unknown-subject:1.5.1,1,0,1,1,0
98,com.ing.baker:bakery-baker-client_2.12:3.1.0,0,0,0,0,0
99,org.drools:drools-workbench-models-guided-template:7.46.0.Final,1,1,1,1,1
100,com.github.skjolber.logback-logstash-syntax-highlighting-decorators:logback-logstash-syntax-highlighting-decorators:1.0.4,1,1,1,1,1
101,ch.cern.hbase:hbase-hadoop-compat:2.1.3_1,1,0,1,1,1
102,io.trino:trino-parquet:351,1,0,1,1,0
103,com.tencent.bk.devops.ci.environment:api-environment:1.3.0-rc.7-RELEASE,1,0,1,1,1
104,org.timmc:johnny:0.1.1,1,0,1,1,0
105,org.apache.camel:camel-netty4-starter:2.25.3,1,0,1,1,1
106,com.intel.analytics.bigdl:bigdl-SPARK_2.3:0.12.1,0,0,0,0,0
107,dev.zio:zio-test_2.11:1.0.5,1,1,1,1,1
108,com.daml:http-json-cli-opts_2.12:1.6.0-snapshot.20201007.5314.0.b4a47d0b,1,0,1,1,1
109,org.apache.plc4x:plc4j-apache-calcite:0.8.0,1,0,1,1,1
110,org.kie.kogito:tracing-decision-quarkus-addon:1.2.0.Final,1,0,1,1,1
111,com.twitter:inject-dtab_2.11:21.2.0,1,0,1,1,1
112,org.apache.camel:camel-kestrel:2.25.3,1,1,1,1,1
113,io.opentelemetry.javaagent.instrumentation:opentelemetry-javaagent-apache-dubbo-2.7:1.0.0-alpha,1,1,1,1,1
114,com.github.stachu540:HiRezAPI-paladins:3.1.0,1,0,1,1,1
115,org.eclipse.dirigible:dirigible-ext-mongodb:5.8.3,1,0,1,1,1
116,org.eclipse.rdf4j:rdf4j-rio-binary:3.4.3,1,0,1,1,1
117,org.noear:solon.extend.undertow.jsp:1.3.0,1,1,1,1,1
118,io.github.bonigarcia:selenium-jupiter:3.3.5,1,0,1,1,1
119,org.ogc-schemas:samplingSpatial-v_2_0:3.0.0,1,1,1,1,1
120,org.abego.yaml:abego-yaml-sourcemap-core:1.0.0,1,1,1,1,1
121,com.tencent.bk.devops.ci.store:api-store:1.3.0-rc.7-RELEASE,0,0,1,1,1
122,com.sshtools:icon-generator-swt:1.3.1,1,1,1,1,1
123,com.nepxion:discovery-plugin-starter-consul:3.17.0,1,0,1,1,1
124,org.elasticsearch.test:hdfs-fixture:7.9.3,1,0,1,1,1
125,org.sonatype.nexus:nexus-plugin-testsupport:2.14.20-02,1,1,1,1,1
126,org.mobicents.diameter:jdiameter-impl:1.7.0.115,1,1,1,1,1
127,biz.aQute:biz.aQute.osgi.agent.provider:1.3.0,1,0,1,1,0
128,org.trellisldp:trellis-oauth:0.16.2,1,1,1,1,1
129,org.scalacheck:scalacheck_sjs0.6_2.11:1.15.1,1,1,1,1,1
130,org.apache.camel:camel-spring-ldap:3.4.5,1,1,1,1,1
131,net.exoego:aws-sdk-scalajs-facade-applicationdiscovery_sjs1_2.12:0.32.0-v2.798.0,1,1,1,1,1
132,uk.ac.cam.ch.wwmm.oscar:oscar4-recogniser-core:5.0.0,1,0,1,1,1
133,org.scalameta:munit-scalacheck_sjs1_2.12:0.7.19,1,0,1,1,1
134,io.quarkus:quarkus-jsch-deployment:1.11.6.Final,1,0,1,1,1
135,com.aliyun:imm20170906:1.0.0,1,0,1,1,1
136,fr.wseduc:vertx-swift-client:0.1.1,1,1,1,1,1
137,com.soywiz.korlibs.korge2:korge-spine-js:2.0.9,1,1,1,1,1
138,io.avaje:avaje-http-jex-generator:1.2.1,1,0,1,1,1
139,org.springframework.cloud:spring-cloud-starter-circuitbreaker-reactor-resilience4j:2.0.0,1,0,1,1,1
140,org.jboss.metrics:automated-metrics-javase:1.0.4.Final,1,0,1,1,1
141,com.volcengine:volc-sdk-java:1.0.0,1,0,1,1,1
142,com.github.xuwei-k:zeroapply_3.0.0-RC1:0.4.1,1,0,1,1,0
143,com.shedhack.spring:spring-actuator:1.0.0,1,0,1,1,1
144,it.bancaditalia.oss.vtl:vtl-engine:1.0.6,1,0,1,1,0
145,com.io7m.coffeepick:com.io7m.coffeepick.documentation:0.2.1,1,1,1,1,1
146,com.indoorvivants:subatomic-builders_2.13:0.0.5,1,0,1,1,0
147,io.atlasmap:atlas-dfdl-model:2.1.2,1,0,1,1,0
148,com.gu:ophan-event-model_2.11:0.0.2,1,0,1,1,1
149,io.journalkeeper:journalkeeper-metric:0.1.10,1,0,1,1,0
150,com.pragmatickm:pragmatickm-password-taglib:1.7.1,1,1,1,1,1
151,com.semanticcms:semanticcms-news-bom-book:1.6.0,1,0,1,1,0
152,org.apache.metamodel:MetaModel-couchdb:5.3.3,1,1,1,1,1
153,org.bitbucket.askllc.fermenter.stout:stout-cookbook-referencing-domain:2.1.2,1,0,1,1,0
154,io.github.conflux-chain:conflux.web3j:1.0.4,1,0,1,1,0
155,com.soulgalore:xml-velocity:1.5,1,1,1,1,1
156,org.mockito:mockito-scala-cats_2.12:1.16.11,1,0,1,1,0
157,kg.net.bazi.gsb4j:gsb4j-core:1.0.6,1,0,1,1,0
158,io.github.vigoo:zio-aws-mwaa_2.12:3.15.45.2,1,0,1,1,1
159,io.quee.ktx.radix:ktx-radix-development-operation:v1.2.2-RELEASE,1,0,1,1,1
160,com.axway.ats.framework.agent.webapp:ats-agent-webapp-server:4.0.7,0,0,1,1,1
161,io.fixprotocol.orchestra:message-model:1.6.8,1,0,1,1,0
162,org.into-cps.maestro.plugins:fixedstepbuilder:2.1.4,1,0,1,1,1
163,org.eclipse.jetty.websocket:websocket-server:9.3.29.v20201019,1,1,1,1,1
164,org.apache.cayenne:cayenne-jgroups:4.2.M2,1,1,1,1,1
165,io.mantisrx:mantis-examples-jobconnector-sample:1.3.9,1,0,1,1,0
166,io.dekorate:kubernetes-thorntail-starter:0.14.1,1,0,1,1,0
167,com.bertramlabs.plugins:karman-grails:1.5.3,1,1,1,1,1
168,org.n52.sensorweb-server.sos:sos-enhanced-v20:6.0.0-PR.1,0,0,1,1,1
169,dev.zio:zio-test-intellij_sjs1_3.0.0-RC1:1.0.5,1,0,1,1,0
170,de.ibapl.spsw:de.ibapl.spsw.api:3.0.1,1,0,1,1,0
171,com.coditory.sherlock:sherlock-inmem-reactive:0.4.5,1,1,1,1,1
172,org.junit.platform:junit-platform-suite-api:1.6.3,1,0,1,1,0
173,com.github.takezoe:scala-retry_2.13:0.0.6,1,1,1,1,1
174,com.softwaremill.sttp.client:play-json_2.13:3.0.0-RC3,1,0,1,1,0
175,com.yandex.cloud:java-sdk-examples:2.2.1,1,0,1,1,0
176,org.apache.skywalking:kafka-fetcher-plugin:8.2.0,1,0,1,1,1
177,io.github.vigoo:zio-aws-codebuild_2.12:3.15.49.2,1,0,1,1,0
178,org.apache.omid:omid-common:1.0.2,1,0,1,1,1
179,com.akmetiuk:thera_2.13:0.2.0-M3,1,0,1,1,0
180,com.github.philippheuer.events4j:events4j-handler-reactor:0.9.0,1,0,1,1,0
181,org.apache.camel.quarkus:camel-quarkus-aws-sqs-deployment:1.5.0,1,0,1,1,1
182,com.busymachines:pureharm-rest-testkit-http4s-tapir_2.13:0.0.6,1,0,1,1,0
183,com.alilitech:boot-plus-generator:1.2.6,1,0,1,1,1
184,org.jbpm:jbpm-designer-client:7.48.0.Final,1,0,1,1,1
185,org.trellisldp:trellis-kafka:0.17.0,1,0,1,1,0
186,com.rpiaggio:scalajs-react-datepicker_sjs1_2.13:0.1.0,0,0,0,0,0
187,com.zsmartsystems.zigbee:com.zsmartsystems.zigbee.dongle.conbee:1.3.10,1,1,1,1,1
188,org.apache.camel.kafkaconnector:camel-lucene-kafka-connector:0.7.3,1,0,1,1,0
189,org.realityforge.shade:shade-cli:1.0.0,1,0,1,1,0
190,com.soywiz.korlibs.kbox2d:kbox2d-watchosx86:2.0.8,1,1,1,1,1
191,io.fluidsonic.raptor:raptor-bson:0.9.10,1,0,1,1,0
192,org.netbeans.api:org-netbeans-modules-debugger-jpda-truffle:RELEASE122,1,0,1,1,0
193,org.opencastproject:opencast-waveform-workflowoperation:9.2,1,0,1,1,1
194,com.17jee:e-cloud-gateway:3.0.1.10,1,0,1,1,1
195,org.springframework.cloud:spring-cloud-gcp-starter-cloudfoundry:1.2.7.RELEASE,1,0,1,1,1
196,org.basepom.maven:dependency-versions-check-maven-plugin:3.0.0,1,0,1,1,1
197,fr.ybonnel:simpleweb4j-test:0.0.1,1,1,1,1,1
198,org.apache.activemq:artemis-jms-client-osgi:2.17.0,1,1,1,1,1
199,org.rogach:scallop_3.0.0-M3:4.0.1,1,0,1,1,0
200,io.github.iamazy.elasticsearch.dsl:elasticsearch-sql-core:7.9.3,1,0,1,1,1
201,org.opendaylight.bgpcep:pcep-topology-stats:0.14.3,1,0,1,1,1
202,com.helger.bdve:ph-bdve-api:6.0.4,1,1,1,1,1
203,com.netflix.denominator:denominator-clouddns:1.1.4,1,1,1,1,1
204,io.trino:trino-druid:353,1,0,1,1,1
205,com.netflix.denominator:denominator-clouddns:1.1.0,1,1,1,1,1
206,se.jguru.shared.json.jackson.example:jguru-shared-json-jackson-example:0.11.0,1,0,1,1,1
207,com.celeral:utils:2.1.0,1,1,1,1,1
208,org.eclipse.dirigible:dirigible-resources-mxgraph:5.6.0,1,0,1,1,1
209,com.thesamet.scalapb:scalapb-runtime-grpc_3.0.0-M3:0.11.0-M5,1,0,1,1,0
210,io.kotest:kotest-assertions-json:4.4.0,1,1,1,1,1
211,org.onosproject:onos-apps-openstacknetworking-routing:1.8.2,1,0,1,1,1
212,io.zipkin.aws:brave-instrumentation-aws-java-sdk-v2-core:0.23.1,1,1,1,1,1
213,org.logevents:logevents:0.1.34,1,1,1,1,1
214,com.oath.microservices:micro-metrics:1.2.5,1,0,1,1,1
215,org.eclipse.ditto:ditto-json-cbor:1.2.1,1,1,1,1,1
216,org.cloudfoundry.multiapps:multiapps-common-test:2.5.1,1,0,1,1,1
217,net.databinder:dispatch-mime_2.11:0.8.10,1,1,1,1,1
218,org.seleniumhq.selenium:selenium-ie-driver:3.12.0,1,1,1,1,1
219,org.apache.camel.springboot:camel-jing-starter:3.4.5,1,0,0,0,0
220,com.sap.cds:cds-feature-mt:1.14.0,1,0,1,1,1
221,com.amazonaws:aws-java-sdk-eventbridge:1.11.875,1,1,1,1,1
222,com.sqlapp:sqlapp-core-sqlserver:0.8.19,1,1,1,1,1
223,com.teradata.tempto:tempto-core:1.0.35,1,0,1,1,1
224,com.github.618lf:swak-redis:1.1.1_final,1,0,1,1,1
225,org.springframework.cloud.stream.app:rsocket-sink-kafka:3.0.0,1,0,0,0,0
226,com.gu:marley_2.12:0.2.13,1,0,1,1,1
227,io.opentelemetry.instrumentation:opentelemetry-aws-lambda-1.0:0.12.1,1,1,1,1,1
228,org.opencastproject:opencast-statistics-service-api:9.1,1,1,1,1,1
229,org.locationtech.geomesa:geomesa-geojson-rest_2.11:2.3.3,1,0,1,1,1
230,net.officefloor.reactor:officereactor:3.28.1,1,1,1,1,1
231,org.netbeans.api:org-netbeans-modules-autoupdate-ui:RELEASE121,1,1,1,1,1
232,org.wso2.carbon.mediation:org.wso2.carbon.priority.executors.ui:4.7.77,1,0,1,1,1
233,com.gitee.zcx7878:leisure.demo:1.0.0.2,1,0,1,1,1
234,org.ejml:ejml-cdense:0.40,1,1,1,1,1
235,com.haoxuer.discover:discover-plug-push-jpush:3.2.5-20210225,1,0,1,1,1
236,co.paralleluniverse:comsat-spring-security:0.4.0,1,0,0,0,0
237,com.twitter:algebird-test_2.11:0.13.8-M1,1,0,1,1,1
238,io.gravitee.repository:gravitee-repository-mongodb:3.0.6,1,0,0,0,0
239,io.kevinlee:logger-f-cats-effect_3.0.0-M3:1.8.0,1,0,0,0,0
240,org.apache.camel.kafkaconnector:camel-aws-kinesis-kafka-connector:0.7.1,1,0,1,1,1
241,org.apache.camel.quarkus:camel-quarkus-smpp-integration-test:1.3.0,1,0,1,1,1
242,com.github.simonalong:Neo:0.6.0,1,0,0,0,0
243,net.sf.okapi.connectors:okapi-connector-crosslanguage:1.41.0,1,1,1,1,1
244,edu.utexas.tacc.tapis:meta-client:1.11.16,1,0,1,1,0
245,com.spotify.metrics:semantic-metrics-api:1.1.0,1,0,1,1,1
246,org.moduliths:moduliths-events-jackson:1.1.0-M1,1,0,1,1,1
247,io.cloudsoft.jclouds.labs.management:management-compute:1.7.2-ea-brooklyn.5,1,1,1,1,1
248,com.seelyn:api-wrap-client:1.0.2,0,0,0,0,0
249,org.openstreetmap.osmosis:osmosis-testutil:0.48.3,1,1,1,1,1
250,org.noear:nami.channel.socketd.rsocket:1.3.5,1,1,1,1,1
251,io.seata:seata-http:1.4.0,1,0,1,1,1
252,com.helger.photon:ph-oton-uictrls:8.2.7,1,1,1,1,1
253,com.github.squirrelgrip:scientist4k-application-common:0.10.3,0,0,0,0,0
254,io.sqooba.oss:chronos-client_2.13:0.2.0,0,0,0,0,0
255,org.scalatestplus:junit-4-13_2.12:3.2.6.0,0,0,0,0,0
256,org.springframework.cloud:spring-cloud-starter-config:3.0.3,1,0,0,0,0
257,com.soywiz.korlibs.korge2:korge-swf-js:2.0.9,1,1,1,1,1
258,com.ibm.jbatch:com.ibm.jbatch.spi:2.0.0,1,1,1,1,1
259,org.apache.activemq.examples.amqp:proton-clustered-cpp:2.16.0,1,1,0,0,0
260,io.ebean:ebean-ddl-generator:12.6.3,1,1,1,1,1
261,com.opentable.components:otj-jvm:1.1.3,1,1,1,1,1
262,org.kie.kogito:kogito-drools-model:1.0.0.Final,1,1,0,0,0
263,org.apache.streampipes:streampipes-pipeline-management:0.67.0,1,0,1,1,1
264,org.apache.activemq:artemis-cdi-client:2.15.0,1,1,1,1,1
265,io.helidon.microprofile.bundles:helidon-microprofile-3.0:1.4.8,1,0,1,1,1
266,org.scala-sbt:util-scripted_2.13:1.4.8,1,0,1,1,1
267,it.czerwinski.android.room:room-converters:1.0.0-ALPHA1,1,0,1,1,1
268,org.langrid:jp.go.nict.langrid.service.management_1_2:1.1.2,1,1,1,1,1
269,com.sonymobile:lumbermill-core:0.0.15,1,0,1,1,1
270,com.google.cloud.trace:grpc-sink:0.1.0,1,1,1,1,1
271,de.adorsys:datasafe-migration:1.0.3.2,1,0,1,1,1
272,eu.joaocosta:minart-core_native0.4_2.13:0.2.0,1,0,0,0,0
273,io.prestosql:presto-redis:347,1,0,1,1,1
274,com.github.japgolly.microlibs:adt-macros_2.13:2.6-RC1,0,0,1,1,1
275,com.semanticcms:semanticcms-view-all:1.7.1,1,1,1,1,1
276,io.helidon.serviceconfiguration:helidon-serviceconfiguration-ucp-accs:1.4.8,1,1,1,1,1
277,io.micronaut.netflix:micronaut-netflix-archaius:2.1.0,1,0,1,1,1
278,org.eclipse.jetty:jetty-alpn-java-server:9.4.32.v20200930,1,1,1,1,1
279,org.flowable:flowable-cmmn-engine:6.6.0,1,0,0,0,0
280,com.gitee.sean-framework:octopus-core:6.1.3,1,0,1,1,1
281,org.jkee.gtree:gtree:0.2,1,1,1,1,1
282,de.sciss:filecache-common_0.27:1.0.0,1,0,0,0,0
283,com.threatconnect.sdk.addons:app-package-plugin:2.12.2,1,1,1,1,1
284,com.apollographql.apollo:apollo-coroutine-support:1.0.0-alpha5,1,0,1,1,1
285,com.uchuhimo:konf-js:0.23.0,1,0,1,1,1
286,com.daml:ledger-resources_2.12:1.9.0-snapshot.20210112.6040.0.7171cb38,1,1,1,1,1
287,org.wso2.carbon.mediation:org.wso2.carbon.das.data.publisher.util:4.7.85,1,0,0,0,0
288,org.infrastructurebuilder.util:iblog-slf4j-component:0.10.0,1,1,1,1,1
289,com.github.gv2011.logback:logback-test:1.3.0,1,1,1,1,1
290,org.apache.pulsar:pulsar-transaction-common:2.6.2,1,1,1,1,1
291,com.dimafeng:testcontainers-scala-jdbc_2.12:0.38.8,1,1,1,1,1
292,com.graphql-java:nadel:2020-09-30T09-12-46-09d044d,1,1,1,1,1
293,ly.iterative.mparticle:android-plugin:5.14.12,1,0,1,1,1
294,ru.ilb.callcontext:callcontext:1.3,1,1,1,1,1
295,io.gravitee.plugin:gravitee-plugin-cockpit:1.15.0,1,0,1,1,1
296,org.opendaylight.netconf:netconf-api:1.13.0,1,0,1,1,1
297,org.jvnet.hudson:htmlunit:2.6-hudson-2,1,1,1,1,1
298,org.typelevel:cats-effect-concurrent_2.12:3.0-cee70ab,0,0,1,1,1
299,com.devonfw.java.modules:devon4j-beanmapping-dozer:2020.12.001,1,0,0,0,0
300,com.commercetools:sphere-json_2.12:0.12.2,1,0,1,1,1
301,com.github.tommyettinger:colorful:0.2.2,1,1,1,1,1
302,com.tibco.plugins:bw6-maven-plugin:2.8.0,1,0,1,1,1
303,org.springframework.cloud:spring-cloud-deployer-kubernetes:2.5.1,1,0,1,1,1
304,com.andretietz.houston:houston:1.0.1,1,0,1,1,0
305,org.scala-lang.modules:scala-collection-compat_sjs1_3.0.0-RC1:2.4.2,1,0,1,1,1
306,org.webjars.npm:ts-node:7.0.1,1,1,1,1,1
307,org.cristalise:cristalise-js-rhino:5.3.1,1,0,1,1,1
308,com.outr:fabric-core_sjs1_2.11:1.0.1,1,0,1,1,1
309,io.quarkus:quarkus-kubernetes-deployment:1.7.2.Final,0,0,1,1,1
310,com.hexagonkt:logging_slf4j:1.3.5,1,0,1,1,1
311,io.kvision:kvision-common-remote:4.0.0,1,1,1,1,1
312,io.georocket:georocket-server-api:1.1.0,1,1,1,1,1
313,com.oracle.coherence.ce:coherence-management:20.12.1,1,0,1,1,1
314,org.eclipse.che.infrastructure:infrastructure-metrics:7.24.1,1,0,1,1,1
315,org.eclipse.che.multiuser:che-multiuser-permission-system:7.27.1,1,0,1,1,1
316,com.thoughtworks.dsl:keywords-catch_sjs0.6_2.11:1.5.3+34-ee9dbd9a,1,0,1,1,1
317,com.github.cbismuth:fdupes-java:1.2.0-RC1,1,1,1,1,1
318,org.twister2:twister2-harp:0.8.0,1,1,1,1,1
319,com.clovellytech:h4sm-common_sjs1_2.12:0.1.0.1,1,1,1,1,1
320,org.apache.jclouds.provider:skalicloud-sdg-my:2.3.0,1,0,1,1,1
321,no.kodeworks:kvarg-patch:0.7,0,0,1,1,1
322,com.bybutter.sisyphus:sisyphus-common:1.0.1,1,0,1,1,1
323,io.kinoplan:scalajs-react-material-ui-core_sjs1_2.13:0.2.1,1,0,1,1,1
324,org.amqphub.quarkus:quarkus-qpid-jms:0.22.0,1,0,1,1,1
325,io.monix:monix-tail_sjs1_2.12:3.3.0,1,1,1,1,1
326,org.apache.bigtop.itest:httpfs-smoke:1.5.0,1,1,1,1,1
327,com.github.akurilov:confuse:1.0.0,1,1,1,1,1
328,com.firstbird:backbone-gson_2.13:3.0.0-RC5,0,0,0,0,0
329,org.typelevel:log4cats-slf4j_3.0.0-M2:2.0.0-M2,1,0,1,1,1
330,io.contek.invoker:invoker-binancedelivery-api:2.5.1,1,0,1,1,1
331,org.kie.workbench.stunner:kie-wb-common-stunner-svg-client:7.51.0.Final,1,0,0,0,0
332,com.github.mjakubowski84:parquet4s-core_2.13:1.5.1,1,1,0,0,0
333,org.eclipse.ecf:org.eclipse.ecf.bndtools.grpc:1.0.1,1,0,1,1,0
334,com.github.yannrichet:Rsession:3.1.1,1,0,1,1,1
335,com.github.setielouis:instance.creator:1.0.0,1,0,0,0,0
336,de.sciss:kollflitz_3.0.0-M3:0.2.4,1,0,1,1,1
337,io.ktor:ktor-http-metadata:1.4.1,1,1,1,1,1
338,com.github.yannrichet:Rsession:3.1.0,1,0,1,1,1
339,org.scommons.react-native:scommons-react-native-test_sjs0.6_2.12:0.3.1,1,0,1,1,1
340,co.cask.tracker:tracker:0.2.0,1,0,1,1,0
341,com.twitter:util-jvm_2.11:20.9.0,1,0,1,1,1
342,com.cerner.common.kafka:common-kafka-admin:2.3,1,0,1,1,1
343,com.azure:azure-core-serializer-json-jackson:1.1.0,1,0,1,1,1
344,com.javax0.geci:javageci-jamal:1.6.2,1,1,1,1,1
345,org.apache.tomcat:jakartaee-migration:0.1.0,1,1,0,0,0
346,org.apache.skywalking:skywalking-management-receiver-plugin:8.4.0,1,0,1,1,1
347,org.eclipse.xtext:org.eclipse.xtext.xbase.ui:2.9.0.rc2,1,0,1,1,1
348,com.threatconnect.app:services-core:2.12.2,1,1,1,1,1
349,org.tools4j:elara-samples:1.5,1,1,1,1,1
350,io.kevinlee:effectie-monix_2.13:1.8.1,1,1,0,0,0
351,org.nutz:nutzboot-starter-hystrix:2.4.2.v20201205,1,1,1,1,1
352,io.opentracing.contrib:opentracing-spring-cloud-zuul-starter:0.5.9,1,0,0,0,0
353,org.jbpm.contrib:execute-sql-workitem:7.49.0.Final,1,1,1,1,1
354,org.graphfoundation.ongdb.app:ongdb-server:3.6.1,0,0,0,0,0
355,io.chrisdavenport:vault_sjs1_3.0.0-M2:2.1.0-M7,1,0,0,0,0
356,com.github.gv2011:jacksonadapter:0.6,1,1,1,1,1
357,net.bull.javamelody:javamelody-spring-boot-starter:1.86.0,1,0,1,1,1
358,com.github.workerframework:worker-core:4.0.0-850,1,0,1,1,1
359,org.apache.camel.kafkaconnector:camel-elasticsearch-rest-kafka-connector:0.4.4,1,1,1,1,1
360,org.kodein.memory:kodein-memory-files:0.8.0,1,1,1,1,1
361,org.apache.hyracks:hyracks-storage-common:0.3.6,0,0,1,1,1
362,com.google.api.grpc:grpc-google-cloud-game-servers-v1:1.0.2,1,1,1,1,1
363,org.apache.karaf.decanter.appender:org.apache.karaf.decanter.appender.dropwizard:2.7.0,1,1,1,1,1
364,com.ieooc.nacos:nacos-test:1.4.1,1,0,1,1,1
365,com.github.timgent:data-flare_2.12:2.4.5_0.1.13,0,0,0,0,0
366,org.refcodes:refcodes-cli-ext-archetype:2.1.0,1,1,1,1,1
367,software.amazon.awssdk:secretsmanager:2.16.3,1,1,1,1,1
368,org.netbeans.modules:org-netbeans-modules-groovy-support:RELEASE121,1,0,1,1,1
369,net.databinder:dispatch-tagsoup_2.9.2:0.8.8,1,0,1,1,1
370,org.malagu.linq:linq:1.1.2.RELEASE,1,1,1,1,1
371,io.github.zanella.nomad:nomad-api:0.4,1,1,1,1,1
372,com.github.scalaprops:scalaprops-scalaz_sjs1_2.12:0.8.2,0,0,0,0,0
373,de.sciss:linkernighantsp_2.13:0.1.3,1,1,1,1,1
374,de.adorsys.psd2:aspsp-profile-server:8.3,1,0,1,1,1
375,com.github.jobservice:job-service-config:3.5.0-979,1,0,0,0,0
376,org.apache.camel.k:camel-k-kamelet-reify:1.6.0,1,0,1,1,1
377,com.amazonaws:aws-java-sdk-securityhub:1.11.870,1,1,1,1,1
378,org.eclipse.mylyn.docs:org.eclipse.mylyn.wikitext.tests:3.0.39,1,1,1,1,1
379,org.gwtproject.core:gwt-core:1.0.0-RC1,1,1,1,1,1
380,com.ejlchina:jsonkit-gson:1.0.0,1,1,1,1,1
381,io.opentelemetry.instrumentation:opentelemetry-jaeger-exporter-starter:1.0.1-alpha,1,0,1,1,1
382,org.xbib.helianthus:helianthus-client:1.0.5,1,1,1,1,1
383,org.jboss.pnc:bpm:2.0.2,1,0,1,1,1
384,org.factcast:factcast-factus-bin-snapser:0.3.9,1,0,1,1,1
385,org.apache.camel:camel-servletlistener-starter:2.25.3,1,0,1,1,1
386,red.zyc.toolkit:kit-mybatis:1.0.1,1,1,1,1,1
387,com.buschmais.jqassistant:commandline:1.2.0,0,0,0,0,0
388,org.eclipse.tycho.extras:tycho-buildtimestamp-jgit:2.2.0,1,1,1,1,1
389,net.welen.jmole:jmole-protocol-zabbix:1.5.4,1,1,1,1,1
390,org.springframework.boot:spring-boot-gradle-plugin:2.3.4.RELEASE,1,1,1,1,1
391,io.contek.tinker:rearm-yaml:2.0.4,1,0,1,1,1
392,com.itangcent:intellij-kotlin-support:0.7.9,1,0,1,1,1
393,com.github.eikek:bitpeace-core_2.13:0.7.0,1,0,1,1,1
394,com.github.oranda:libanius_2.12:0.9.8.7.2,1,0,1,1,1
395,org.dotwebstack.framework:example-postgres:0.3.3,1,0,1,1,0
396,com.imsweb:naaccr-xml:7.6,1,1,1,1,1
397,com.google.apis:google-api-services-androidpublisher:v3-rev20200916-1.30.10,1,1,1,1,1
398,org.bidib.jbidib:jbidibc-rxtx:1.12.9,1,0,1,1,1
399,cn.stylefeng.roses:monitor-spring-boot-starter:7.0.1,1,0,1,1,1
400,org.kie.workbench.stunner:kie-wb-common-stunner-bpmn-client:7.50.0.Final,1,0,1,1,1
401,com.hotels:circus-train-tool:16.3.3,1,0,1,1,1
402,com.github.kxbmap:configs_2.11:0.5.0,1,1,1,1,1
403,io.github.xyz-jphil.checksum:xyz-jphil-checksum:1.0,1,1,1,1,1
404,com.github.liuchink.hcutils:hcUtils-tencent:1.0.11.RELEASE,1,0,1,1,1
405,com.semanticcms:semanticcms-openfile-book:1.7.1,1,1,1,1,1
406,org.eclipse.ditto:ditto-signals-commands-thingsearch:1.2.0,1,1,1,1,1
407,com.thesamet.scalapb.common-protos:pgv-proto-scalapb_0.10_2.12:0.4.1-3,1,1,1,1,1
408,com.github.ivanovvlad9626:CheckingLib:1.1,1,0,1,1,1
409,org.scalameta:scalameta_2.12:4.4.1,1,0,1,1,1
410,com.github.japgolly.nyaya:nyaya-test_2.12:0.10.0-RC1,1,0,1,1,1
411,org.springframework.ws:spring-xml:2.2.2.RELEASE,1,0,1,1,1
412,io.cdap.plugin:core-plugins:2.5.0,1,1,1,1,1
413,com.gitlab.cdc-java.applic:cdc-applic-mountability:0.1.0,1,1,1,1,1
414,org.geckoprojects.emf:org.gecko.emf.utilities.query.model:1.0.12,1,0,1,1,1
415,com.lightstep.tracer:tracer-okhttp:0.25.0,1,1,1,1,1
416,com.lmaye:spring-boot-starter-data-encryption:1.0.4-RELEASE,1,0,1,1,1
417,pl.fhframework:pubsub-standalone:4.8.1,1,0,1,1,1
418,org.apache.camel.quarkus:camel-quarkus-aws2-eks-deployment:1.6.0,1,0,1,1,1
419,com.ohadr:common-crypto:2.1-RELEASE,1,0,1,1,1
420,com.github.anylogic:alogic-together:1.6.13,1,1,1,1,1
421,org.elasticsearch.plugin:transport-netty4-client:6.8.13,1,1,1,1,1
422,io.github.pityka:flatjoin-circe_2.13:0.0.15,1,0,1,1,1
423,com.lihaoyi:fansi_sjs1_3.0.0-RC1:0.2.11,1,1,1,1,1
424,com.github.cjhit:fdp-core:1.0.4,1,0,1,1,1
425,io.fabric8:docker-maven-plugin:0.15.1,1,0,1,1,1
426,org.eclipse.dirigible:dirigible-resources-jquery-ui:5.8.2,1,0,1,1,1
427,org.reaktivity:nukleus-http-cache.spec:0.103,1,1,1,1,1
428,org.netbeans.modules:org-netbeans-modules-j2ee-common:RELEASE121,1,0,1,1,1
429,com.google.cloud.trace.adapters.zipkin:autoconfigure-storage:0.2.0,1,0,1,1,1
430,org.arrahtec:profiler-core:6.1.7,1,0,1,1,1
431,com.daml:participant-state-kvutils-tools_2.12:1.11.0-snapshot.20210224.6385.0.dba114a2,0,0,0,0,0
432,org.specs2:specs2-junit_sjs1_2.11:4.10.5,1,0,1,1,1
433,org.webjars.npm:raw-loader:4.0.1,1,1,1,1,1
434,com.propensive:rapture-json-jackson_sjs0.6_2.11:2.0.0-M3,1,0,1,1,1
435,io.github.reactivecircus.blueprint:blueprint-interactor-rx3:1.15.0,1,0,1,1,1
436,org.apache.shardingsphere.elasticjob:elasticjob-lite-spring-namespace:3.0.0-beta,1,0,1,1,1
437,com.github.waffle:waffle-spring-boot-starter2:3.0.0,1,0,1,1,1
438,com.daveayan:mirage:1.1,1,1,1,1,1
439,com.spinoco:protocol-ldap_2.11:0.3.18-M8,1,1,1,1,1
440,com.softwaremill.sttp.client:httpclient-backend_0.26:3.0.0-RC2,1,0,1,1,0
441,org.tpolecat:natchez-lightstep-grpc_2.12:0.0.20,1,0,1,1,1
442,io.fabric8.kubeflix:ribbon-discovery:1.0.14,1,0,1,1,1
443,org.locationtech.geomesa:geomesa-redis-datastore_2.11:2.4.2,1,0,1,1,1
444,org.glassfish.main.batch:glassfish-batch-connector:6.0.0-RC3,1,0,1,1,1
445,io.scalaland:chimney_sjs1_2.12:0.6.1,1,1,1,1,1
446,com.github.618lf:swak-metrics:1.1.1_final,1,0,1,1,1
447,net.databinder:dispatch-jsoup_2.8.2:0.8.9,1,1,1,1,1
448,org.eclipse.pde:org.eclipse.pde.doc.user:3.14.1000,1,1,1,1,1
449,bio.singa:singa-structure:0.7.0,1,1,1,1,1
450,com.mob.push.sdk:mobpush-websdkv3-java:1.0.3,1,1,1,1,1
451,com.amazonaws:aws-java-sdk-resourcegroups:1.11.867,1,1,1,1,1
452,com.github.trickl:jackson.module.httpquery:1.0.4,1,1,1,1,1
453,org.commonjava.indy:indy-ftests-pkg-npm:2.5.3,0,0,0,0,0
454,com.twitter:util-function_2.12:20.12.0,1,1,1,1,1
455,org.smooks.cartridges.edi:d12b-edifact-binding:2.0.0-M2,1,1,1,1,1
456,io.youi:youi-communication_sjs1_2.13:0.13.17,1,0,1,1,1
457,org.opennms.alec.datasource:org.opennms.alec.datasource.opennms-common:1.1.1,1,1,1,1,1
458,net.exoego:aws-sdk-scalajs-facade-ssooidc_sjs1_2.13:0.32.0-v2.798.0,1,1,1,1,1
459,com.github.scopt:scopt_native0.4_2.11:4.0.0,1,0,1,1,1
460,com.expediagroup:beekeeper-metadata-cleanup:3.1.0,0,0,0,0,0
461,ml.dmlc:xgboost4j-spark_2.12:1.2.0,1,0,1,1,1
462,org.apache.zeppelin:zeppelin-zengine:0.9.0,1,0,1,1,1
463,com.github.rssh:dotty-cps-async_sjs1_3.0.0-M2:0.3.4-M2,1,0,1,1,0
464,org.opendaylight.genius:alivenessmonitor-impl-protocols:0.9.1,1,0,1,1,1
465,org.scalaz:scalaz-iteratee_2.11:7.2.31,1,1,1,1,1
466,org.wso2.carbon.mediation:org.wso2.carbon.mediation.dependency.mgt:4.7.64,1,0,1,1,1
467,com.ozwillo:ozwillo-java-spring-integration:1.25.3,1,0,1,1,1
468,io.github.cquiroz.react:react-semantic-ui_sjs1_2.13:0.7.1,1,0,1,1,1
469,network.oxalis:oxalis-server:5.0.0-RC3,1,0,1,1,1
470,org.kie:lienzo-core:7.45.0.t20201014,1,1,1,1,1
471,software.amazon.kinesis:amazon-kinesis-client-multilang:2.3.3,1,0,1,1,1
472,org.apache.hadoop:hadoop-yarn-server-tests:3.2.2,1,0,1,1,1
473,com.damavis:damavis-spark-core_2.12:0.3.1,1,1,1,1,1
474,org.akhikhl.gretty:gretty-runner-jetty9:1.1.5,1,0,1,1,1
475,org.apache.camel.quarkus:camel-quarkus-jasypt-deployment:1.7.0,1,0,1,1,1
476,com.google.cloud.broker:common:0.5.0,1,1,1,1,1
477,com.assertthat.plugins:assertthat-bdd-gradle-tasks:1.6,1,1,1,1,1
478,pl.wrzasq.parent:parent-lambda:1.2.3,1,0,1,1,1
479,ai.djl.spring:djl-spring-boot-starter-autoconfigure:0.6,1,0,1,1,1
480,org.nutz:nutzboot-starter-web3j:2.4.1.v20201014,1,0,1,1,1
481,com.kubukoz:slick-effect-catsio_2.13:0.4.0-M1,1,1,1,1,1
482,io.kotest:kotest-assertions-konform-metadata:4.3.1,1,1,1,1,1
483,com.github.ynfeng:atomix-utils:3.2.0-RELEASE,1,1,1,1,1
484,com.softwaremill.sttp.tapir:tapir-sttp-client_sjs1_2.13:0.17.16,1,0,1,1,1
485,net.sf.okapi.filters:okapi-filter-rainbowkit:1.41.0,1,0,1,1,1
486,com.redmadrobot.mapmemory:mapmemory-test:2.0-rc1,1,0,1,1,1
487,com.github.gitqiao:avocado-boot-starter-security:0.1.2,1,0,1,1,1
488,org.wso2.carbon.registry:org.wso2.carbon.registry.common:4.7.37,1,0,1,1,1
489,com.carrotsearch.elasticsearch-lingo3g.7.7.1.com.carrotsearch:elasticsearch-lingo3g:7.7.1,1,1,1,1,1
490,io.joyrpc:joyrpc-transport-netty4:1.4.2-RELEASE,1,0,1,1,1
491,com.hubspot:SingularityExecutor:1.4.0,1,0,1,1,1
492,org.graalvm.nativeimage:svm-diagnostics-agent:21.0.0.2,1,1,1,1,1
493,org.mongodb:mongodb-driver-legacy:4.2.0,1,1,1,1,1
494,io.quarkus:quarkus-jsch-deployment:1.9.2.Final,1,0,1,1,1
495,tz.co.asoft:auth-client-core-jvm:0.0.10,1,0,1,1,1
496,software.amazon.awssdk:cloudhsm:2.14.10,1,1,1,1,1
497,org.springframework.cloud.stream.app:cdc-debezium-source-kafka:1.0.4.RELEASE,0,0,1,1,0
498,de.dm.auth:activedirectory-spring-boot-starter:2.3.3,1,0,1,1,1
499,io.smallrye.reactive:smallrye-axle-web-client:1.2.2,1,1,1,1,1
500,io.quarkus:quarkus-documentation:1.11.4.Final,1,1,1,1,1
501,io.github.cquiroz.react:common_sjs1_2.13:0.11.1,1,0,1,1,1
502,org.kie:kie-pmml-models-mining-compiler:7.48.0.Final,1,0,1,1,1
503,org.extrema-sistemas:queue4gae:1.2,1,1,1,1,1
504,com.zhaofujun.nest:nest-plus-spring-boot-starter:2.2.1,1,0,1,1,1
505,org.keycloak:keycloak-jetty94-adapter:3.1.0.CR1,1,1,1,1,1
506,org.netbeans.modules:org-netbeans-modules-web-jsf-richfaces:RELEASE123,0,0,1,1,1
507,com.octomix.josson:josson:1.1.1,1,1,1,1,1
508,org.seppiko:commons-mail:1.0.1.RELEASE,1,1,1,1,1
509,org.springframework.cloud.stream.app:spring-cloud-starter-stream-processor-grpc:2.1.4.RELEASE,1,0,1,1,1
510,com.refinitiv.eta.ansi:ansipage:3.6.0.0,1,1,1,1,1
511,com.adobe.granite:com.adobe.granite.workflow.core:0.0.26,1,1,1,1,1
512,org.drools:drools-wb-guided-dtable-editor-client:7.47.0.Final,0,0,0,0,0
513,net.n2oapp.platform:n2o-platform-starter-jwt:4.2.5,1,0,1,1,1
514,com.github.yongyongwang:paas-swagger-starter:0.0.1,1,0,1,1,1
515,org.webjars.npm:cornerstone-wado-image-loader:3.1.2,1,1,1,1,1
516,top.dcenter:basic-detail-example:1.1.2,1,0,1,1,1
517,org.apache.camel.quarkus:camel-quarkus-cometd:1.1.0,1,0,1,1,1
518,org.toile-libre.libe:curl:0.0.39,1,1,1,1,1
519,io.kestros.commons:kestros-sling-ui-libraries-frontend:0.1.1,1,1,1,1,1
520,com.bazaarvoice.emodb:emodb-queue:6.3.1,0,0,0,0,0
521,com.truthbean.debbie:debbie-kafka:0.1.0-RELEASE,1,0,1,1,1
522,com.nu-art-software:local-storage:1.2.30,1,1,1,1,1
523,org.appsweaver.starter.oss-commons.spring:oss-commons-spring-web:1.3.4,0,0,1,1,1
524,net.exoego:aws-sdk-scalajs-facade-apigatewayv2_sjs1_2.12:0.32.0-v2.798.0,1,1,1,1,1
525,com.gitlab.cdc-java.util:cdc-util-compress:0.5.0,1,1,1,1,1
526,net.databinder:dispatch-nio_2.8.2:0.8.10,1,1,1,1,1
527,com.github.mizool.technology.typemapping.store:store-cassandra:0.31,1,0,1,1,1
528,nl.tvos.sdi4j:sdi4j-processor:1.0.5,1,1,1,1,1
529,org.openrewrite:rewrite-core:6.1.16,1,1,1,1,1
530,de.mhus.ports:ports-flummi:7.2.0,1,1,1,1,1
531,org.sonatype.nexus:nexus-ehcache:2.14.20-02,1,1,1,1,1
532,com.tomtom.speedtools:metrics:3.2.22,1,0,1,1,1
533,com.alkacon:geranium-client:2.0,1,0,1,1,1
534,org.jessma:jessma-ext-spring:3.5.1,1,0,1,1,1
535,com.gaborpihaj:mtg4s-inventory_2.13:0.1.2,1,1,1,1,1
536,org.apache.camel.quarkus:camel-quarkus-caffeine-lrucache-deployment:1.5.0,1,0,1,1,1
537,com.github.charlemaznable:guardians-general:0.6.11,1,0,1,1,1
538,org.apache.camel.quarkus:camel-quarkus-nitrite-deployment:1.2.0,1,0,1,1,1
539,com.ibeetl:act:3.0.0-M5,1,1,1,1,1
540,io.floodplain:replication-api:1.3.6,1,0,1,1,1
541,org.typelevel:discipline-specs2_2.12:1.1.4,1,0,1,1,1
542,org.apache.batchee:batchee-commons-csv:0.6,1,1,1,1,1
543,com.aliyun.phoenix:ali-phoenix-tracing-webapp:4.12.0-AliHBase-1.1-0.9.2,1,1,1,1,1
544,io.buoyant:marathon_2.12:1.2.0,1,0,1,1,1
545,me.xethh.libs:simplified-selenium-api-4-scala_2.13:1.0.0,1,1,1,1,1
546,org.codelibs.fesen.lib:fesen-cli:0.10.0,1,1,1,1,1
547,nl.basjes.parse.useragent:yauaa-flink:5.21,1,1,1,1,1
548,com.github.elvisnovoa:dynamodb-spring-boot-sample-app:1.0.0,1,0,1,1,0
549,org.iot-dsa:commons:0.24.1,1,1,1,1,1
550,org.apereo.cas:cas-server-support-mongo-monitor:5.3.16,0,0,1,1,1
551,org.connid.bundles:org.connid.bundles.openam:0.4,1,0,1,1,1
552,eu.hoefel:chemistry:1.0.0,1,1,1,1,1
553,software.amazon.awscdk:ecs-patterns:1.72.0,1,1,1,1,1
554,net.javapla.jawn:jawn-server-undertow:0.9.9,1,1,1,1,1
555,com.appmattus.fixture:fixture-kotest:1.1.0,1,0,1,1,0
556,org.planet42:laika-pdf_2.12:0.17.1,1,1,1,1,1
557,io.kevinlee:logger-f-scalaz-effect_3.0.0-M2:1.7.0,1,0,1,1,1
558,org.wildfly.core:wildfly-request-controller:14.0.0.Beta1,1,1,1,1,1
559,com.gitlab.cdc-java.util:cdc-util-graphs:0.7.0,1,1,1,1,1
560,online.sanen:mhdt-common:1.3.15,1,1,1,1,1
561,com.mantledillusion.metrics:trail-metrics-support-vaadin-8:1.0.0,1,1,1,1,1
562,net.jmatrix:jproperties:1.0.5,1,1,1,1,1
563,org.infinispan:infinispan-component-processor:12.0.1.Final,1,1,1,1,1
564,org.bitbucket.askllc.fermenter.stout:stout-spring-authentication:2.1.5,1,0,1,1,1
565,io.github.vigoo:zio-aws-pinpoint_2.12:3.16.14.2,1,0,1,1,1
566,com.tinkerpop:gremlin-driver:3.0.0.M3,1,0,1,1,1
567,org.springframework.statemachine:spring-statemachine-starter:2.4.0,1,0,1,1,1
568,org.scalatestplus:mockito-3-4_3.0.0-M3:3.2.3.0,1,0,1,1,1
569,org.bremersee:bremersee-sms:1.0.2,1,1,1,1,1
570,com.hotels:circus-train-tool-core:16.3.0,1,0,1,1,1
571,org.redisson:redisson-mybatis:3.13.6,1,1,1,1,1
572,com.activitystream:as-sdk:0.1.12,1,1,1,1,1
573,com.simplyti.cloud:simple-server-di-guice:0.0.4-rc22,1,0,1,1,1
574,com.github.yaoguoh:common-swagger:2.4.3,1,0,1,1,1
575,org.overturetool.core:interpreter:3.0.2,1,1,1,1,1
576,org.wso2.carbon.analytics:org.wso2.carbon.siddhi.extensions.installer.core:3.0.49,1,0,1,1,1
577,com.intel.analytics.bigdl:dist-spark-3.0.0-scala-2.12.10-all:0.12.1,1,1,1,1,1
578,com.tethys-json:tethys-json4s_2.12:0.22.0,1,1,1,1,1
579,com.aspectran:aspectran-embed:6.9.6,1,1,1,1,1
580,com.github.scalaprops:scalaprops-shapeless_2.13:0.4.0,1,1,1,1,1
581,com.j2mvc:j2mvc-framework-app:2.1.11,1,1,1,1,1
582,org.xwiki.commons:xwiki-commons-text:12.10,1,1,1,1,1
583,com.gitee.summer9102:develop-spring-boot-common:1.1.0,1,1,1,1,1
584,io.buoyant:namerd-iface-interpreter-thrift_2.12:1.3.4,1,0,1,1,1
585,io.gatling:gatling-http-client:3.4.1,1,0,1,1,1
586,org.apache.camel.quarkus:camel-quarkus-aws-sqs-deployment:1.3.0,1,0,1,1,1
587,org.apache.camel.kafkaconnector:camel-kubernetes-pods-kafka-connector:0.8.0,1,0,1,1,1
588,de.adorsys.psd2.sandbox:oba-rest-api:5.4,1,0,1,1,1
589,ch.epfl.scala:bloop-config_sjs1_2.12:1.4.4-13-408f4d80,1,1,1,1,1
590,org.apache.camel:camel-testcontainers:3.4.4,1,1,1,1,1
591,io.ray:ray-api:1.2.0,1,0,1,1,1
592,net.databinder:dispatch-http-json_2.8.2:0.7.8,1,1,1,1,1
593,io.dropwizard.metrics5:metrics-logback:5.0.0-rc4,1,1,1,1,1
594,com.github.tkrs:fluflu-core_2.12:0.24.2,1,0,1,1,1
595,io.snappydata:snappy-spark-graphx_2.10:1.6.2-2,1,0,1,1,1
596,io.github.zxgangandy:base-eureka:1.0.7,1,0,1,1,1
597,net.exoego:aws-sdk-scalajs-facade-core_sjs1_2.12:0.32.0-v2.798.0,1,1,1,1,1
598,org.apache.camel.quarkus:camel-quarkus-grok:1.6.0,1,0,1,1,1
599,org.robolectric:robolectric-processor:3.4-rc1,1,0,1,1,1
600,org.webjars.npm:uppy__utils:3.2.5,1,1,1,1,1
601,de.mhus.lib:lib-annotations:7.3.0,1,1,1,1,1
602,com.github.dblock.waffle:waffle-jna:1.5,1,1,1,1,1
603,org.idpf:epubcheck:v4.0.0-alpha6,1,1,1,1,1
604,org.kie.workbench:kie-wb-common-ala-provisioning-pipelines-openshift:7.46.0.Final,0,0,1,1,1
605,org.apache.activemq.examples.clustered:clustered-static-discovery:2.15.0,1,0,1,1,1
606,com.alibaba.middleware:termd-core:1.1.7.11,1,1,1,1,1
607,org.openmuc.framework:openmuc-webui-channelaccesstool:0.19.0,1,1,1,1,1
608,com.seepine:wechat-spring-boot-starter:1.1.0,1,0,1,1,1
609,org.netbeans.api:org-netbeans-api-intent:RELEASE123,1,1,1,1,1
610,com.indoqa.solr:indoqa-solr-configuration-utils:6.6.5,1,0,1,1,1
611,org.kie:kie-pmml-models-mining-evaluator:7.50.0.t20210209,1,1,1,1,1
612,com.netflix.servo:servo-graphite:0.4.27,1,1,1,1,1
613,org.caseine:caseine.vpl.tests.EntreeEtSortieStandards:0.0.41,1,1,1,1,1
614,io.udash:udash-css_2.13:0.9.0-M8,1,0,1,1,1
615,com.github.splunk.lightproto:lightproto-code-generator:0.3,1,0,1,1,1
616,org.apache.tephra:tephra-hbase-compat-1.6:0.16.0,1,0,1,1,1
617,org.kodein.db:kodein-leveldb-api-jvm:0.6.1-beta,1,0,1,1,1
618,com.alachisoft:nc-pro-serialization:5.2-alpha-26,1,0,1,1,1
619,org.specs2:specs2-gwt_sjs1_2.13:4.10.6,1,0,1,1,1
620,org.typelevel:cats-kernel_native0.4_2.13:2.4.1,1,0,1,1,1
621,com.github.yaoguoh:common-util:2.3.3.RELEASE,1,0,1,1,1
622,org.typelevel:jawn-ast_2.12:1.1.0,1,1,1,1,1
623,org.openidentityplatform.commons.guice:servlet:2.0.8,1,1,1,1,1
624,org.scala-lang.modules:scala-collection-contrib_2.13:0.2.2,1,1,1,1,1
625,org.jboss.pnc:test-common:2.0.1,1,0,1,1,1
626,lk.chathurabuddi:json-schema-filter:1.1.0,1,1,1,1,1
627,org.netbeans.modules:org-netbeans-modules-html-editor-lib:RELEASE123,1,0,1,1,1
628,com.semanticcms:semanticcms-section-taglib:1.8.0,1,1,1,1,1
629,com.arkondata:opentracing-effect_2.13:0.2.1,1,1,1,1,1
630,com.io7m.minisite:com.io7m.minisite.core:3.0.0,1,1,1,1,1
631,org.bremersee:common-base-webmvc-starter:2.3.0,1,0,1,1,1
632,com.github.eugeniyk:api-counters_2.11:0.3.3,1,1,1,1,1
633,net.officefloor.persistence:officejdbc_postgresql:3.28.2,1,0,1,1,1
634,org.eclipse.dirigible:dirigible-template-application-dao:5.4.0,1,0,1,1,1
635,com.liferay.faces.demo:com.liferay.faces.demo.showcase.common:3.1.0,1,1,1,1,1
636,org.onosproject:onos-apps-gangliametrics:1.7.1,1,0,1,1,1
637,com.softwaremill.sttp.tapir:tapir-sttp-client_2.12:0.17.0-M3,1,0,1,1,1
638,com.github.jazng:jfunctional:0.0.1-RELEASE,1,0,1,1,1
639,com.hmsonline:dropwizard-spring:0.5.3,1,0,1,1,1
640,org.apache.aries.rsa.itests:org.apache.aries.rsa.itests.felix:1.16.0,1,0,1,1,1
641,net.filebot:ant-spk:0.7,1,1,1,1,1
642,net.exoego:aws-sdk-scalajs-facade-networkmanager_sjs1_2.12:0.32.0-v2.798.0,1,1,1,1,1
643,com.lihaoyi:ammonite-interp-api_2.12.12:2.2.0-26-61ee0965,1,0,1,1,1
644,com.alibaba.citrus.tool:docbook-maven-plugin:1.1,1,1,1,1,1
645,org.bardframework.filestore:file-store-api:0.4,1,0,1,1,1
646,com.sourceninja:sourceninja-maven-plugin:0.1.7,1,0,1,1,1
647,org.webjars.npm:node-fetch:3.0.0-beta.9,1,1,1,1,1
648,io.univalence:zio-spark_2.12:0.0.2,1,0,1,1,1
649,com.toasttab.protokt:protokt-extensions:0.5.4,1,0,1,1,1
650,com.typesafe.akka:akka-persistence-cassandra-launcher_2.13:1.0.5,0,0,1,1,0
651,com.github.ghostdogpr:caliban-tools_2.12:0.9.4,0,0,0,0,0
652,pl.droidsonroids.retrofit2:converter-jspoon:1.0.0,1,1,1,1,1
653,org.kie.kogito:integration-tests-quarkus-predictions:1.3.0.Final,1,0,1,1,1
654,com.helger.phive.rules:phive-rules-teapps:2.0.3,1,0,1,1,1
655,com.aliyun:aiccs20191015:1.1.6,1,0,1,1,1
656,one.xingyi:sample_2.12:0.7.4,1,1,1,1,1
657,com.github.thierrysquirrel:codec:1.1.2-RELEASE,1,1,1,1,1
658,org.json4s:json4s-jackson_2.9.3:3.2.8,1,0,1,1,1
659,be.venneborg:slick-refined_2.13:0.6.0,1,0,1,1,1
660,io.github.stefanfreitag:cdkBudgetNotifier:0.0.3,1,1,1,1,1
661,org.redisson:redisson-mybatis:3.15.1,1,1,1,1,1
662,com.twitter:inject-server_2.13:20.10.0,1,0,1,1,1
663,com.thesamet.scalapb.grpcweb:scalapb-grpcweb-code-gen_3.0.0-RC1:0.6.0,1,0,1,1,1
664,dev.marksman:kraftwerk:0.9.1,1,1,1,1,1
665,org.scala-js:scalajs-ir_sjs1_2.13:1.3.1,1,1,1,1,1
666,com.aliyun:ros-cdk-ros:1.0.0,1,1,1,1,1
667,com.lihaoyi:mill-contrib-scoverage_2.13:0.9.5-13-706547,1,1,1,1,1
668,org.apache.camel.springboot:camel-aws-lambda-starter:3.6.0,1,0,1,1,1
669,com.twitter:finatra-http-annotations_2.13:20.12.0,1,0,1,1,1
670,org.jbehave:jbehave-ant:4.3.2,1,1,1,1,1
671,io.ultreia.java4all.jaxx:jaxx-widgets-number:3.0-alpha-83,1,0,1,1,1
672,com.aliyun:aliyun-java-sdk-ehpc:1.14.1,1,1,1,1,1
673,me.shadaj:slinky-web_sjs0.6_2.13:0.6.6+12-3b63ddf1,1,0,1,1,1
674,de.joshuagleitze:atrium-gradle-testkit-translation-en:1.0.0,1,0,1,1,0
675,org.wso2.carbon.analytics-common:org.wso2.carbon.event.template.manager.ui:5.2.34,1,0,1,1,0
676,dev.zio:izumi-reflect-thirdparty-boopickle-shaded_native0.4_2.13:1.0.0-M13,1,0,1,1,1
677,org.openmuc.framework:openmuc-driver-csv:0.19.0,1,1,1,1,1
678,org.apache.camel:camel-spring-redis:3.4.4,1,0,1,1,1
679,org.janusgraph:janusgraph-driver:0.5.3,1,1,1,1,1
680,com.sdl.delivery:udp-data-legacy-transport:11.0.1-1020,1,0,1,1,0
681,org.jetbrains:markdown-metadata:0.2.0,1,1,1,1,1
682,com.github.kynthus:sbtscala11_2.13:0.1.5,1,0,1,1,0
683,io.smallrye.reactive:mutiny-documentation:0.12.5,1,0,1,1,0
684,com.amazon.alexa:ask-sdk-model-runtime:1.0.5,1,1,1,1,1
685,io.github.forezp:matrix-http-starter:1.4,1,0,1,1,0
686,org.jfxcore:javafx-media:15-ea+1,1,0,1,1,0
687,io.github.vigoo:zio-aws-servicediscovery_2.13:3.15.45.1,1,0,1,1,0
688,com.github.excitement-engineer:ktor-graphql:2.1.0,1,0,1,1,0
689,com.influxdb:flux-dsl:2.0.0,1,0,1,1,0
690,ognl:ognl:3.2.18,1,0,1,1,0
691,com.github.hemanthsridhar:maven-multiply:1.0.4,1,0,1,1,0
692,com.github.vanspo:tus-interceptor:1.0.0,1,0,1,1,1
693,org.tpolecat:doobie-hikari_2.13:0.9.4,1,0,1,1,0
694,tv.cntt:xitrum_2.10:3.25.0,1,0,1,1,0
695,org.wso2.carbon.secvault:org.wso2.carbon.secvault:5.0.16,1,1,1,1,1
696,io.pravega:schemaregistry-serializers-shared:0.1.0,1,0,1,1,1
697,com.ge.research.semtk:edcQueryGenerationService:2.2.2,0,0,0,0,0
698,org.scalatest:scalatest-matchers-core_native0.4_2.11:3.2.4,1,0,1,1,1
699,com.dimafeng:testcontainers-scala-dynalite_2.13:0.38.9,1,1,1,1,1
700,org.scalatest:scalatest-core_sjs0.6_2.11:3.2.5,1,0,1,1,1
701,ru.tinkoff:typed-schema-swagger-typesafe_2.12:0.14.2,1,0,1,1,1
702,de.sciss:scalaosc_3.0.0-RC1:1.3.0,1,0,1,1,0
703,net.joelinn:quartz-redis-jobstore:1.1.5,1,1,1,1,1
704,org.zalando:opentracing-spring-web-extension:4.0.0,1,0,1,1,1
705,org.factcast:factcast-core:0.0.30,1,1,1,1,1
706,org.jboss.slf4j:slf4j-jboss-logging:1.2.1.Final,1,1,1,1,1
707,com.manydesigns:portofino-jersey:5.2.0,1,0,1,1,1
708,com.aliyun:cloudauth20200618:1.0.2,1,0,1,1,1
709,com.acervera.osm4scala:osm4scala-spark2_2.11:1.0.7,1,1,1,1,1
710,org.bitbucket.bradleysmithllc.etlunit:etlunit-hadoop:4.3.2-eu,0,0,1,1,0
711,org.eclipse.platform:org.eclipse.swt.gtk.linux.x86_64:3.116.0,1,1,1,1,1
712,org.refcodes:refcodes-serial:2.1.1,1,0,1,1,1
713,org.uberfire:uberfire-api:7.51.0.Final,1,0,1,1,1
714,com.softwaremill.sttp.tapir:tapir-json-circe_2.13:0.17.9,1,0,1,1,1
715,tech.rsqn.useful-things:embedded-jetty:1.0.53,1,1,1,1,1
716,com.amazonaws:aws-java-sdk-iotanalytics:1.11.907,1,1,1,1,1
717,com.aoindustries:aoserv-backup:1.84.17,1,1,1,1,1
718,org.tpolecat:natchez-jaeger_2.12:0.0.14-M3,1,0,1,1,1
719,org.apereo.cas:cas-server-webapp-init:5.0.10,0,0,1,1,1
720,pl.tkowalcz.tjahzi:loki-protobuf:0.9.4,1,1,1,1,1
721,nl.stokpop:events-jmeter-maven-plugin:3.1.2-events-1,1,1,1,1,1
722,com.google.api.grpc:proto-google-cloud-bigqueryconnection-v1:1.0.4,1,1,1,1,1
723,com.google.crypto.tink:tink-gcpkms:1.5.0,1,0,1,1,1
724,com.jd.blockchain:crypto-framework:1.4.0.RELEASE,1,1,1,1,1
725,io.imunity.furms:furms-doc:1.0.0-rc2,0,0,1,1,1
726,systems.manifold:manifold-io-test:2020.1.27,1,1,1,1,1
727,org.bndly.common.service:org.bndly.common.service.decorator:1.0.2,1,0,1,1,1
728,it.micegroup.voila.runtime:voila-runtime-style-consip2008:1.3,1,0,1,1,1
729,org.friendularity:org.friendularity.bundle.qpid_broker_wrap:1.1.1,1,0,1,1,1
730,com.baidu.xuper:xuper-java-sdk:0.2.0,1,1,1,1,1
731,org.mycore:mycore-acl-editor2:2020.08,1,0,1,1,1
732,org.apache.camel.quarkus:camel-quarkus-examples-rest-json:1.1.0,1,0,1,1,1
733,tools.caroline:caroline-sdk-store:0.0.1,1,1,1,1,1
734,io.mosip.resident:resident-service:1.1.2,1,0,1,1,0
735,org.mini2Dx:miniscript-python:1.6.0,1,0,1,1,0
736,ch.tutteli.atrium:atrium-core-robstoll-lib-common:0.14.0.RC1,1,1,1,1,1
737,com.walletkit:walletkit-java-sdk:1.0.2,1,0,1,1,0
738,com.rbmhtechnology.vind:vind-annotations:3.0.11,1,0,1,1,0
739,io.sundr.examples:codegen-example:0.24.3,1,0,1,1,0
740,cz.o2.proxima:proxima-direct-io-http:0.6.0-jdk11,1,0,1,1,1
741,org.dkpro.core:dkpro-core-io-tiger-asl:2.2.0,1,0,1,1,0
742,com.nequi:nequi-subscriptions-sdk-qa:2.0.0,1,0,1,1,0
743,com.arpnetworking.logback:logback-steno:1.17.0,1,1,1,1,1
744,com.auth0:jwks-rsa:0.2.0,1,1,1,1,1
745,com.wegtam:amws-scala-http4s_2.13:0.5.4,1,0,1,1,0
746,org.yupana:yupana-external-links_2.12:0.20.0,1,0,1,1,0
747,com.github.noconnor:junitperf:1.17.0,1,0,1,1,1
748,net.axay:simplekotlinmail-core:1.3.1,1,0,1,1,1
749,it.agilelab:darwin-hbase2-connector_2.12:1.1.0,1,1,1,1,1
750,com.gitee.pomo:toasterfx:1.0.2,1,1,1,1,1
751,com.gccloud:gc-starter-plugins-quartz-job-store-redis:1.0.2-beta,1,0,1,1,0
752,net.colesico.framework:colesico-jdbi:4.3.0,1,0,1,1,0
753,io.micronaut.reactor:micronaut-reactor:1.1.0,1,0,1,1,0
754,com.coditory.sherlock:sherlock-inmem-sync:0.4.4,1,0,1,1,0
755,org.apache.beam:beam-sdks-java-extensions-sql-zetasql:2.26.0,1,0,1,1,0
756,com.intuit.hooks:hooks:0.9.0,1,0,1,1,0
757,io.helidon.dbclient:helidon-dbclient-metrics-jdbc:2.1.0,1,0,1,1,0
758,com.github.srujankujmar:builder-core:0.9.8.1,1,0,1,1,0
759,org.uberfire:uberfire-nio2-k8s:7.46.0.Final,1,0,1,1,1
760,com.github.code-cubic:hive-tool:1.2.2.20201201-RELEASE,1,0,1,1,0
761,com.kailuowang:henkan-optional_sjs1_2.13:0.6.5,1,1,1,1,1
762,org.wso2.maven:wso2-esb-metadata-plugin:5.2.33,1,1,1,1,1
763,com.aeontronix.enhancedmule:enhanced-mule-config:1.0.0-beta1,1,0,1,1,1
764,org.terracotta:angela-client-internal:3.1.17,1,0,1,1,0
765,com.typesafe.akka:akka-testkit_2.11:2.5.32,1,0,1,1,0
766,io.github.vigoo:zio-aws-lakeformation_2.12:3.15.35.3,1,0,1,1,1
767,org.jaxxy:jaxxy-cache:0.4.3,1,0,1,1,1
768,org.http4s:http4s-json4s-jackson_2.12:0.21.9,1,0,1,1,0
769,io.liftwizard:liftwizard-bundle-auth-filter:0.10.0,1,0,1,1,1
770,io.oss84.geotools:gt-epsg-wkt:24.2,1,1,1,1,1
771,org.webjars.npm:babel__helper-remap-async-to-generator:7.12.1,1,0,1,1,0
772,net.n2oapp.framework:n2o-config:7.9.7,1,0,1,1,0
773,org.typelevel:algebra-laws_native0.4_2.12:2.2.0,1,0,1,1,0
774,io.monix:monix-kafka-11_2.12:1.0.0-RC7,1,0,1,1,1
775,com.github.lotsabackscatter:vaadin-masonry-cards:1.2,1,1,1,1,1
776,com.github.atool:fluent-mybatis-test:1.3.1,1,0,1,1,1
777,de.sciss:lucre-bdb_2.12:4.4.0,1,1,1,1,1
778,dev.feast:feast-sdk:0.9.2,0,0,1,1,1
779,org.openforis.commons:of-commons-web-spring:0.1.25,1,0,1,1,1
780,org.biojava:biojava-survival:6.0.0-alpha1,1,1,1,1,1
781,org.apache.camel:camel-zendesk:2.25.3,1,1,1,1,1
782,org.scala-js:scalajs-compiler_2.12.13:1.2.0,1,0,1,1,1
783,org.apache.camel.quarkus:camel-quarkus-microprofile-fault-tolerance:1.6.0,1,0,1,1,1
784,org.apache.felix:atomos-maven-plugin:0.9.0,1,0,1,1,1
785,com.expedia.www:haystack-agent-kafka-dispatcher:0.1.18,1,0,1,1,1
786,com.github.kagkarlsson:spring-boot-example:10.0,1,0,1,1,1
787,org.drools:drools-wb-drl-text-editor-backend:7.45.0.Final,0,0,0,0,0
788,org.graphfoundation.ongdb:ongdb-cypher-physical-planning:3.6.2,0,0,0,0,0
789,com.github.ghostdogpr:caliban_2.13:0.9.2,1,0,1,1,1
790,org.springframework.boot:spring-boot-jarmode-layertools:2.3.9.RELEASE,1,1,1,1,1
791,cn.hll520.linling:linling-app:1.2.0,1,0,1,1,0
792,org.nutz:nutz-plugins-jqgrid:1.r.68.v20201011,1,1,1,1,1
793,org.wso2.carbon.business-process:org.wso2.carbon.humantask.cleanup.scheduler:4.5.39,0,0,1,1,1
794,org.n52.sensorweb-server.sos:sos-hibernate-datasource-oracle:5.2.5,0,0,1,1,1
795,com.bazaarvoice.emodb:emodb-auth-store:6.3.1,1,0,1,1,1
796,com.tencentcloudapi:tencentcloud-sdk-java-gse:3.1.187,1,0,1,1,1
797,org.jetbrains.kotlin:kotlin-test-testng:1.4.21-2,1,0,1,1,1
798,com.github.bakerln:common-config-interceptor:1.0.1-RELEASE,1,0,1,1,1
799,com.github.catalpaflat:module-push:1.0.0,1,0,1,1,1
800,com.adobe.testing:s3mock:2.1.27,1,0,1,1,1
801,com.github.japgolly.microlibs:recursion_2.13:2.6-RC1,1,0,1,1,1
802,com.github.mliarakos.lagomjs:lagomjs-api_sjs1_2.13:0.4.0-1.6.4,1,0,1,1,1
803,io.smallrye.reactive:smallrye-mutiny-vertx-auth-jwt:1.2.2,1,1,1,1,1
804,com.github.squirrelgrip:scientist4k-report-api:0.8.7,1,0,1,1,1
805,org.wvlet.airframe:airspec_sjs1_2.12:21.3.0,1,1,1,1,1
806,com.oneops:oneops-client-config:0.0.2,1,1,1,1,1
807,com.qwazr:qwazr-extractor:1.2.0,0,0,0,0,0
808,com.github.junrar:junrar:7.4.0,1,1,1,1,1
809,com.seomse.api:seomse-api:1.0.3,1,1,1,1,1
810,cn.stylefeng.roses:sms-api:7.0.0,1,0,1,1,1
811,com.github.charlemaznable:bunny-client:0.0.6,1,0,1,1,1
812,org.wso2.carbon.identity.framework:org.wso2.carbon.identity.mgt.ui:5.19.30,1,0,1,1,1
813,org.optaplanner:optaplanner-wb-guided-rule-editor-backend:7.43.0.Final,0,0,0,0,0
814,org.apache.camel.quarkus:camel-quarkus-jcr:1.1.0,1,0,1,1,1
815,cn.nikeo.permisos:permisos-compiler:0.3.0,1,0,1,1,1
816,com.lihaoyi:upickle-core_3.0.0-M2:1.2.2,1,0,1,1,0
817,org.http4k:http4k-client-apache:3.269.0,1,0,1,1,0
818,net.databinder:dispatch-futures_2.9.0:0.8.6,1,0,1,1,0
819,com.jfinal:jfinal-java8:3.3,1,1,1,1,1
820,org.jetbrains.kotlinx:multik-default:0.0.1,1,0,1,1,1
821,com.wepay.waltz:waltz-tools:0.9.0,1,1,1,1,1
822,org.infinispan:infinispan-marshaller-protostuff-bundle:12.0.0.Dev3,1,0,1,1,0
823,com.velocidi:apso-caching_2.12:0.16.8,1,0,1,1,0
824,io.quarkiverse.operatorsdk:quarkus-operator-sdk-integration-tests:1.8.0,1,0,1,1,0
825,net.dankito.utils:java-utils:1.0.18,1,0,1,1,0
826,io.nosqlbench:docsys:3.12.147,1,0,1,1,0
827,io.graphenee:gx-blockchain:3.0.0,1,0,1,1,0
828,com.discursive.dao.generic:generic-dao:2.1,1,0,1,1,0
829,org.apereo.cas:cas-server-support-configuration-cloud-vault:6.3.1,0,0,1,1,1
830,org.jeyzer.build:jeyzer-profile-updater-core:2.0,1,1,1,1,1
831,com.github.fsanaulla:chronicler-core-shared_2.13:0.6.5,1,0,1,1,1
832,io.vertigo:vertigo-redis-connector:3.1.1,1,1,1,1,1
833,cn.aghost:nacos-client:1.2.1.aghost-fix.20210122,1,0,1,1,1
834,org.typelevel:cats-mtl_sjs1_2.12:1.1.1,1,0,1,1,0
835,org.xwiki.commons:xwiki-commons-legacy-velocity:12.8,1,0,1,1,1
836,eu.toolchain.condo:condo-processor:0.2.1,1,1,1,1,1
837,org.ogc-schemas:eop-v_1_0:3.0.0,1,1,1,1,1
838,org.opencastproject:opencast-scheduler-conflict-handler:8.8,1,0,1,1,0
839,com.addthis:basis:2.1.1,1,1,1,1,1
840,com.introproventures:graphql-jpa-query-boot-starter:0.4.16,1,0,1,1,1
841,com.avsystem.scex:scex-macros_2.12.12:1.22.17,1,0,1,1,1
842,net.moznion:mysql-diff:1.1.0,1,0,1,1,0
843,ch.cern.hbase.connectors.kafka:hbase-kafka-proxy:1.0.1_spark-3.0.1_4,1,0,1,1,0
844,org.apache.streampipes:streampipes-container-base:0.67.0,1,0,0,0,0
845,com.helger.phive.rules:phive-rules-ublbe:2.0.3,1,0,1,1,0
846,org.zaproxy:zap-clientapi:1.9.0,1,0,1,1,0
847,design.unstructured:stix-pattern-evaluator:1.0.0-M3,1,0,1,1,0
848,org.jbpm:jbpm-wb-kie-server-api:7.51.0.Final,1,0,0,0,0
849,org.openidentityplatform.opendj:opendj-ldap-toolkit:4.4.9,1,0,1,1,0
850,org.apache.jclouds.labs:openstack-marconi:2.3.0,1,0,1,1,0
851,com.neotys.ascode:api-client-v3:1.0.18,1,0,1,1,1
852,net.kyori:adventure-serializer-configurate4:4.7.0,1,0,1,1,1
853,com.github.spice-h2020:sparql.anything.engine:0.0.1,1,1,1,1,1
854,org.springframework.cloud:spring-cloud-deployer-spi:2.4.3,1,0,1,1,0
855,com.daml:rs-grpc-testing-utils_2.13:1.11.0-snapshot.20210303.6421.0.145ddaa8,1,1,1,1,1
856,org.glassfish.grizzly:grizzly-http-servlet:3.0.0,1,1,1,1,1
857,org.wso2.carbon.data:org.wso2.carbon.dataservices.ui:4.5.1509,1,0,1,1,0
858,org.smooks.cartridges.edi:d11b-edifact-binding:2.0.0-M2,1,1,1,1,1
859,io.datarouter:datarouter-copy-table:0.0.64,1,0,1,1,0
860,com.sksamuel.scruffy:scruffy-server_2.10:1.1.0-RC3,1,0,1,1,1
861,io.github.vigoo:zio-aws-codebuild_2.13:3.15.40.3,1,0,1,1,1
862,com.linkedin.gobblin:gobblin-core:0.0.0.mavenTest1-hadoop1,1,0,1,1,0
863,com.diozero:diozero-provider-voodoospark:0.13,1,0,1,1,0
864,com.github.rxson:rxson-reactor:1.1.0,1,1,1,1,1
865,com.yiqiniu.easytrans:easytrans-core:1.1.0,1,0,0,0,0
866,com.github.myabcc17:chatbot-response-v2-builder:0.0.1,1,0,1,1,1
867,com.google.cloud:google-cloud-firestore:0.30.0-beta,1,1,1,1,1
868,net.codesup.util:jaxb-plugin-lib:1.7.0,1,0,1,1,1
869,com.azure:azure-core-serializer-json-jackson:1.0.0,1,0,1,1,1
870,com.github.mjakubowski84:parquet4s-fs2_2.12:1.7.0,1,1,1,1,1
871,io.github.forsyde:forsyde-io-java:0.2.5,1,1,1,1,1
872,com.google.api.grpc:grpc-google-cloud-video-intelligence-v1p2beta1:0.87.0,1,1,1,1,1
873,org.infinispan:infinispan-javadoc-embedded:9.4.22.Final,0,0,0,0,0
874,com.gomcarter.frameworks:dubbo-starter:2.0.7,1,0,0,0,0
875,com.outr:perfolation_native0.4_2.11:1.2.4,1,0,1,1,1
876,com.github.binarywang:wx-java-miniapp-spring-boot-starter:4.0.2.B,1,0,1,1,1
877,software.amazon.awssdk:codegen-lite-maven-plugin:2.15.29,1,1,1,1,1
878,com.codeborne.replay:fastergt:1.8.6,1,0,1,1,1
879,dev.fritz2:components:0.9,1,1,1,1,1
880,org.apache.jena:jena-querybuilder:3.17.0,1,1,1,1,1
881,com.github.axway-api-management-plus.apim-cli:apimcli-apis:1.3.6,1,0,1,1,1
882,com.mockrunner:mockrunner-jdbc:2.0.6,1,1,1,1,1
883,org.apache.servicemix.bundles:org.apache.servicemix.bundles.grpc:1.35.0_1,1,1,1,1,1
884,org.apache.camel.quarkus:camel-quarkus-openapi-java-deployment:1.1.0,1,0,1,1,1
885,io.swaydb:monix_2.13:0.14.7,0,0,0,0,0
886,org.eclipse.jnosql.mapping:mapping-core:1.0.0-b3,1,1,1,1,1
887,com.zegreatrob.testmints:action-jvm:3.3.3,1,0,1,1,1
888,org.jsmart:zerocode-rest-bdd:1.1.23,1,1,0,0,0
889,com.google.cloud.tools:linkage-checker-enforcer-rules:1.5.3,1,0,0,0,0
890,org.gebish:geb-junit5:4.0,1,1,1,1,1
891,org.wso2.carbon.registry:org.wso2.carbon.registry.extensions.stub:4.7.37,1,1,1,1,1
892,com.tuplejump:calliope-core_2.10:1.1.0-CTP-U2,1,0,1,1,1
893,org.wso2.carbon.analytics:org.wso2.carbon.si.metrics.core:3.0.50,1,0,1,1,1
894,org.scalatest:scalatest-wordspec_native0.4.0-M2_2.11:3.3.0-SNAP3,1,0,1,1,1
895,io.janstenpickle:trace4cats-sttp-tapir_2.13:0.9.0+34-48c91611,0,0,0,0,0
896,org.apache.camel.quarkus:camel-quarkus-debezium-sqlserver-deployment:1.7.0,1,0,1,1,1
897,io.provis:provisio-webserver-jetty9:0.0.6,1,1,1,1,1
898,org.typelevel:discipline-core_native0.3_2.11:1.1.0,1,0,1,1,1
899,com.semanticcms:semanticcms-google-analytics:1.2.1,1,1,1,1,1
900,org.wso2.carbon.metrics:org.wso2.carbon.metrics.das.reporter:2.3.14,1,1,1,1,1
901,org.drools:drools-wb-globals-editor-backend:7.48.0.Final,0,0,0,0,0
902,com.softwaremill.sttp.client3:async-http-client-backend_0.27:3.0.0-RC6,1,0,1,1,0
903,ru.yandex.qatools.allure:allure-report-data:1.5.0,1,0,1,1,0
904,org.opencypher:util-9.0:9.0.20210312,1,1,1,1,1
905,org.apache.activemq.examples.failover:replicated-transaction-failover:2.15.0,1,0,1,1,1
906,org.scalatestplus:jmock-2-8_0.27:3.2.2.0,1,0,0,0,0
907,org.sakaiproject.message:sakai-message-util:21.0,1,1,1,1,1
908,org.netbeans.modules:org-netbeans-modules-apisupport-installer:RELEASE122,1,0,1,1,1
909,org.bidib.jbidib:jbidibc-usbstickbasis:1.12.11,1,0,1,1,1
910,org.scala-sbt:util-scripted_2.12:1.4.7,1,0,1,1,1
911,cn.sinlmao:spring-boot-starter-imhttp:1.0.3,1,0,0,0,0
912,org.ow2.petals:petals-bc-sql:1.7.1,1,1,1,1,1
913,com.guicedee.services:undertow-core:1.0.19.6-jre8,1,0,1,1,1
914,com.google.api.grpc:proto-google-cloud-bigquerystorage-v1:0.88.0,1,1,1,1,1
915,org.webjars.npm:list.js:2.1.0,1,1,1,1,1
916,com.typesafe.play:run-support_2.10:2.7.9,1,0,1,1,1
917,org.apache.bigtop.itest:flume-smoke:1.5.0,1,0,0,0,0
918,org.apache.camel.quarkus:camel-quarkus-aws-kinesis-deployment:1.7.0,1,0,1,1,1
919,org.apache.camel.quarkus:camel-quarkus-hl7:1.5.0,1,0,1,1,1
920,vision.id:antd-native-slinky_sjs1_2.13:0.1.7,1,0,1,1,1
921,org.langrid:jp.go.nict.langrid.serviceexecutor.db.bilingualdictionary:1.0.12,1,0,1,1,1
922,io.agrest:agrest:3.9,1,1,1,1,1
923,com.github.submob:scopemob-jvm:2.0.0,1,0,1,1,1
924,io.isomarcte:sbt-version-scheme-enforcer-core_2.12:0.1.0.0,1,1,1,1,1
925,org.eclipse.kapua:kapua-commons:1.3.1,1,0,1,1,1
926,uk.org.webcompere:system-stubs-jupiter:1.0.0,1,1,1,1,1
927,cn.hutool:hutool-system:5.4.4,1,1,1,1,1
928,com.att.research.xacml:xacml-pdp:3.0,1,0,1,1,1
929,com.comcast.money:money-otel-formatters_2.12:0.14.1,1,1,1,1,1
930,com.disneystreaming:weaver-cats-core_2.13:0.6.0-M4,1,0,0,0,0
931,org.scommons.shogowada:scalajs-history_sjs0.6_2.13:0.15.0,0,0,1,1,1
932,org.wso2.carbon.registry:org.wso2.carbon.registry.profiles:4.7.38,1,0,0,0,0
933,org.jpmml:pmml-xjc:1.5.6,1,0,1,1,1
934,org.opendaylight.controller:threadpool-config-impl:0.13.4,1,0,1,1,1
935,net.exoego:aws-sdk-scalajs-facade-ssooidc_sjs1_2.12:0.32.0-v2.798.0,1,1,1,1,1
936,org.apereo.cas:cas-server-support-consent-ldap:5.2.2,0,0,1,1,1
937,org.streamingpool:streamingpool-ext-analysis:1.1.0,1,0,1,1,1
938,org.eclipse.xtext:org.eclipse.xtext.generator:2.9.0.beta6,1,1,1,1,1
939,org.iot-dsa:logging:0.24.2,1,1,1,1,1
940,org.glassfish.tyrus:tyrus-container-glassfish-ejb:2.0.0,1,0,1,1,1
941,com.dimafeng:testcontainers-scala-mockserver_2.12:0.38.3,1,1,1,1,1
942,org.eclipse.jetty.osgi:jetty-httpservice:9.4.32.v20200930,1,1,1,1,1
943,nl.vpro.shared:vpro-shared-elasticsearch:2.23.0,1,0,1,1,1
944,org.ff4j:ff4j-store-commonsconfig:1.8.10,1,1,1,1,1
945,app.tulz:laminext-videojs_sjs1_2.13:0.1.0,1,1,1,1,1
946,org.cubeengine:logscribe-email:1.0.2,1,1,1,1,1
947,org.realityforge.arez:arez-annotations:0.15,1,0,1,1,1
948,com.wirktop:esutils:0.9.6,1,1,1,1,1
949,com.auritylab.graphql-kotlin-toolkit:codegen:0.6.1,1,0,1,1,1
950,org.typelevel:munit-cats-effect-2_sjs1_3.0.0-M2:0.4-12-455d85f,1,0,0,0,0
951,org.bitsofinfo:docker-discovery-swarm-service:1.0-RC5-20210205,1,0,1,1,1
952,io.hkube:storage-s3:1.3.01,1,1,1,1,1
953,com.liferay:com.liferay.tld.formatter:1.0.1,1,1,1,1,1
954,com.workday.warp:warp-core_2.11:4.2.0,1,0,1,1,1
955,com.passkit.grpc:sdk:1.0.4,1,1,1,1,1
956,com.lightbend.akka:akka-stream-alpakka-orientdb_2.12:2.0.2,1,0,1,1,1
957,org.powertac:sample-broker:1.7.1,1,0,0,0,0
958,org.jasig.portal:uPortal-io-types:5.9.0,1,0,1,1,1
959,fr.jetoile.hadoop:hadoop-unit-dockercompose:3.8,1,0,1,1,1
960,org.marketdesignresearch:mechlib:0.1.0,1,0,1,1,1
961,io.github.factoryfx:javafxDistributionServer:2.2.20,1,0,1,1,1
962,io.neow3j:crypto:3.4.0,1,1,1,1,1
963,org.joinfaces:joinfaces-test:4.4.2,1,0,0,0,0
964,com.spotify:featran-core_3.0.0-M3:0.8.0-RC2,1,0,0,0,0
965,org.deepboof:main:0.5,1,1,1,1,1
966,com.softwaremill.sttp.client3:async-http-client-backend-zio_0.26:3.0.0-RC5,1,0,1,1,0
967,co.com.sofka:business:1.0.0,1,1,1,1,1
968,com.github.emilienkia:ajmx-osgi:0.1.0,1,0,1,1,1
969,com.soywiz.korlibs.kds:kds-tvosx64:2.0.9,1,1,1,1,1
970,com.simiacryptus:mindseye-tensorflow:2.1.0,1,0,1,1,1
971,dk.acto:dispatcher-client:1.1.76.f0551d0,1,0,1,1,1
972,net.serenity-bdd:browse-the-web:1.1.7,0,0,1,1,1
973,com.vmware.photon.controller:photon-model:0.2.0,1,1,1,1,1
974,com.mastfrog:giulius-settings-etcd:2.7.2,1,0,1,1,1
975,com.github.xuwei-k:wartremover-scalikejdbc_2.13:0.4.1,1,0,0,0,0
976,fr.jetoile.hadoop:hadoop-unit-standalone:3.8,1,1,0,0,0
977,de.sciss:audiowidgets-core_3.0.0-M3:2.3.2,1,0,0,0,0
978,org.tribuo:tribuo-classification-core:4.0.2,1,1,1,1,1
979,org.springframework.cloud.stream.app:twitter-message-sink-kafka:3.0.0,1,0,0,0,0
980,hu.vissy.json-dsl:json-dsl:1.0.1,1,0,1,1,1
981,ch.codeblock.qrinvoice.rest:qrinvoice-rest-model:1.11,1,0,1,1,1
982,org.playframework.anorm:anorm-iteratee_2.12:2.6.8,1,0,1,1,1
983,com.sumologic.sumobot:sumobot_2.11:1.0.9,1,0,0,0,0
984,eu.danieldk.nlp:conllx-io:1.0.0,1,1,1,1,1
985,com.outr:perfolation_native0.4_2.12:1.2.5,0,0,1,1,1
986,org.apache.camel.quarkus:camel-quarkus-controlbus-deployment:1.1.0,1,0,1,1,1
987,net.luohuasheng.framework.starters:basic-framework-ability-admin-starters:1.1.0,1,0,1,1,1
988,com.intel.analytics.bigdl.core.native.bigquant:bigquant-java-mac:0.12.1,1,1,1,1,1
989,com.twitter:finagle-stats_2.13:21.2.0,1,0,0,0,0
990,app.tulz:laminext-validation_sjs1_2.13:0.1.0,1,1,1,1,1
991,de.christofreichardt:shamirs-keystore:1.0.0,1,1,1,1,1
992,org.typelevel:discipline-core_0.27:1.1.1,1,0,1,1,0
993,com.microsoft.rest:client-runtime:1.7.12,1,1,1,1,1
994,com.github.srujankujmar:builder-services:0.9.8.1,1,0,1,1,1
995,io.gravitee.am.jwt:gravitee-am-jwt:3.4.4,1,1,1,1,1
996,io.ktor:ktor-client-jetty-metadata:1.4.2,1,0,1,1,1
997,com.didiglobal.booster:booster-transform-asm:3.1.0-alpha3,1,0,1,1,1
998,io.trino:trino-postgresql:354,1,0,1,1,1
999,org.joyqueue:doc:4.2.7,1,0,1,1,1
1000,ai.tock:tock-bot-connector-ga:20.9.3,1,0,1,1,1
1001,com.mastfrog:numble:2.7.1,1,0,0,0,0
1002,com.lihaoyi:upickle-core_0.27:1.2.1,1,0,1,1,0
1003,org.springframework.cloud:spring-cloud-deployer-kubernetes:2.4.3,1,0,1,1,1
1004,software.amazon.awssdk:opsworkscm:2.15.50,1,1,1,1,1
1005,com.victorivri:project_2.12:0.5.1,1,1,0,0,0
1006,com.ibm.cos:ibm-cos-java-sdk:2.9.1,1,0,1,1,1
1007,org.apache.camel.quarkus:camel-quarkus-corda-integration-test:1.2.0,1,0,1,1,1
1008,com.mastfrog:maven-merge-configuration:2.7.1.1,1,1,1,1,1
1009,me.madhead.aws-junit5:common:6.0.0,1,1,1,1,1
1010,com.liferay:com.liferay.portal.tools.target.platform.indexer.client:1.0.4,1,0,1,1,1
1011,com.kumuluz.ee.openapi:kumuluzee-openapi-mp-common:1.4.0,1,0,1,1,1
1012,org.netbeans.modules:org-netbeans-modules-xml-tools:RELEASE121,1,0,1,1,1
1013,org.netbeans.api:org-netbeans-core-ide:RELEASE123,1,1,1,1,1
1014,org.ikasan:ikasan-harvesting:3.1.0,1,0,1,1,1
1015,org.webjars.npm:turf__line-chunk:6.2.0-alpha.2,1,1,1,1,1
1016,com.avast.grpc.jwt:keycloak:0.4.9,1,0,1,1,1
1017,com.xzchaoo.commons:commons-stat:1.1.0,1,0,1,1,1
1018,com.io7m.minisite:com.io7m.minisite.tests:3.0.0,1,1,1,1,1
1019,com.hccake:ballcat-spring-boot-starter-redis:0.0.6,1,0,1,1,1
1020,io.rocketbase.commons:commons-auth-core:4.1.1,1,0,1,1,1
1021,com.sksamuel.nsq:nsq-java:0.0.1,1,1,1,1,1
1022,com.github.aalobaidi:aerospike-reactor:0.1,1,1,1,1,1
1023,com.twitter:util-cache-guava_2.12:21.2.0,1,0,1,1,1
1024,org.wso2.carbon.identity.user.api:org.wso2.carbon.identity.rest.api.user.functionality.v1:1.1.21,1,0,1,1,1
1025,org.apache.camel.springboot:camel-servicenow-starter:3.4.4,1,0,0,0,0
1026,io.cloudslang:score-orchestrator-impl:0.3.177,1,0,1,1,1
1027,org.apache.servicemix.bundles:org.apache.servicemix.bundles.azure-storage-blob:12.9.0_1,1,0,1,1,1
1028,io.github.junxworks:junx-ep-sys-ui:1.0.0,1,1,1,1,1
1029,com.algolia:algoliasearch-client-kotlin:1.5.0,1,0,1,1,1
1030,com.aliyun:resourcemanager20200331:2.0.0,1,0,1,1,1
1031,com.tvd12:ezyfox-jackson:1.1.4,1,1,1,1,1
1032,org.beangle.commons:beangle-commons-model:3.8.2,1,0,1,1,1
1033,com.tvd12:ezyfox-jackson:1.1.3,1,1,1,1,1
1034,org.beangle.commons:beangle-commons-model:3.8.1,1,0,1,1,1
1035,com.github.mx-go:nacos-config-core:1.0.3,1,0,1,1,1
1036,org.ekrich:sjavatime_sjs1_3.0.0-RC1:1.1.2,1,0,1,1,1
1037,org.kodein.log:kodein-log-js:0.10.0,1,1,1,1,1
1038,org.eclipse.kapua:kapua-translator-api:1.3.0,1,0,1,1,1
1039,org.json4s:json4s-scalaz_2.12:3.7.0-M7,0,0,0,0,0
1040,com.kenshoo:persistence-layer:0.1.61-jooq-3.10.4,1,0,1,1,1
1041,it.unibo.tuprolog:dsl-unify-js:0.17.0,1,1,1,1,1
1042,com.marcosbarbero.cloud:spring-cloud-zuul-ratelimit-core:2.4.2.RELEASE,1,1,1,1,1
1043,org.datanucleus:datanucleus-mongodb:5.2.1,1,1,1,1,1
1044,com.github.valskalla:odin-zio_2.13:0.9.1,1,0,1,1,1
1045,net.databinder:dispatch-tagsoup_2.9.0-1:0.8.10,1,0,1,1,1
1046,org.finos.legend.pure:legend-pure-m3-dsl-path:1.6.0,1,1,1,1,1
1047,io.github.jimmyd-be:theGamesDbClient:1.2,1,1,1,1,1
1048,org.scalameta:semanticdb-scalac_2.13.2:4.4.2,1,1,1,1,1
1049,org.ff4j:ff4j-store-hazelcast:1.8.11,1,1,1,1,1
1050,com.pragmatickm:pragmatickm-contact-taglib:1.5.1,1,1,1,1,1
1051,com.sap.cloud.sjb:xs-hdb-conn-options:1.18.5,1,1,1,1,1
1052,us.oyanglul:jujiu_2.13:0.25.0,1,0,1,1,1
1053,org.apache.cxf:cxf-spring-boot-autoconfigure:3.4.2,1,0,1,1,1
1054,io.micronaut.multitenancy:micronaut-multitenancy:3.0.0,1,0,1,1,1
1055,science.aist.gtf:core:1.0.0,1,1,1,1,1
1056,com.lihaoyi:mill-dev_2.13:0.9.5-46-c500ca,1,0,0,0,0
1057,org.ocpsoft.rewrite:rewrite-test-harness:3.5.0.Final,1,1,1,1,1
1058,org.togglz:togglz-hazelcast:2.9.4,1,1,1,1,1
1059,top.dcenter:ums-social-spring-boot-starter:1.1.3-alpha,1,0,1,1,1
1060,io.github.lxgaming:binary-api:1.0.0,1,0,1,1,1
1061,org.johnnei:javatorrent-bittorrent-extension-ut-metadata:0.7.0,1,0,1,1,1
1062,org.ogc-schemas:wms-v_1_1_0:3.0.0,1,1,1,1,1
1063,com.twitter:bijection-scrooge_2.10:0.5.3,1,0,1,1,1
1064,org.finra.herd:herd-rest:0.136.0,0,0,0,0,0
1065,org.akhikhl.gretty:gretty7-plugin:0.0.11,1,1,1,1,1
1066,org.xbib:sshd-fs:2.6.0.0,1,1,1,1,1
1067,us.oyanglul:meow_3.0.0-RC1:0.3.8,1,0,1,1,0
1068,org.apache.ant:ant-apache-resolver:1.10.9,1,1,1,1,1
1069,ch.tutteli.atrium:atrium-domain-builders-common:0.14.0,1,1,1,1,1
1070,org.sanoitus:sanoitus-util_2.13:0.1.0,1,1,1,1,1
1071,org.nutz:nutz-spring-boot-starter:2.3.8.RELEASE,1,0,1,1,1
1072,org.tpolecat:natchez-opencensus_3.0.0-M1:0.0.14,1,0,1,1,0
1073,io.smallrye.reactive:smallrye-reactive-converter-rxjava3:2.2.0,1,1,1,1,1
1074,com.aliyun:aliyun-java-sdk-emr:3.3.2,1,1,1,1,1
1075,com.github.manosbatsis.corbeans:corbeans-spring-boot-rpc-datasource-starter:0.50,1,0,1,1,1
1076,com.nike.moirai:moirai-s3:2.1.0,1,1,1,1,1
1077,com.huawei.openstack4j.connectors:openstack4j-resteasy:1.0.26,1,0,1,1,1
1078,com.oracle.labs.olcut:olcut-config-edn:5.1.4,1,1,1,1,1
1079,org.springframework.cloud.stream.app:spring-cloud-starter-stream-common-gemfire:2.1.6.RELEASE,0,0,0,0,0
1080,ca.bitcoco:jsk-starter:0.2.2,1,0,1,1,1
1081,com.github.paganini2008.springworld:jdbcplus-spring-boot-starter:2.0-RC4,1,0,1,1,1
1082,org.xwiki.commons:xwiki-commons-xstream:12.8,1,1,1,1,1
1083,org.typelevel:log4cats-core_sjs1_2.13:2.0.0-M2,1,1,1,1,1
1084,io.kvision:kvision-compiler-plugin:4.0.0,1,0,1,1,1
1085,sh.almond:spark-stubs_30_2.12:0.10.2,1,1,1,1,1
1086,com.microsoft.eventhubs:eventhubs-storm-spout:0.9.5,1,1,1,1,1
1087,org.apache.camel:camel-telegram-starter:2.25.3,1,0,1,1,1
1088,com.mastfrog:bits:2.7.2,1,1,1,1,1
1089,de.swiesend:secret-service:1.4.0,1,1,1,1,1
1090,com.twitter:finatra-thrift_2.13:21.1.0,1,0,1,1,1
1091,org.scalastyle:scalastyle_2.10:0.9.0,1,0,1,1,1
1092,io.github.cquiroz:scala-java-time-tzdb_sjs1_3.0.0-M2:2.1.0,1,0,1,1,1
1093,com.iheart:lihua-mongo_2.12:0.36,1,0,1,1,1
1094,org.locationtech.geowave:geowave-datastore-cassandra:1.2.0,0,0,0,0,0
1095,org.eclipse.scout.rt:org.eclipse.scout.rt.server.jaxws:11.0.3,1,0,1,1,1
1096,com.roncoo:roncoo-spring-boot-starter-fastdfs:1.3.1,1,0,1,1,1
1097,org.apache.knox:gateway-shell:1.5.0,1,1,1,1,1
1098,io.github.m-m-m:mmm-ui-api-binding:0.2.0,1,1,1,1,1
1099,com.netflix.spectator:spectator-perf:0.116.0,1,1,1,1,1
1100,com.wangshouyu:wsy-log:1.0.4,1,0,1,1,1
1101,cn.stylefeng.roses:groovy-sdk:7.0.0,1,0,1,1,1
1102,biz.aQute:biz.aQute.trace.tester6:1.3.0,1,0,1,1,1
1103,com.github.wz2cool:mybatis-dynamic-query:3.1.20,1,0,1,1,1
1104,com.github.ajkaanbal:queryinspect_2.12:0.1.0,1,0,1,1,1
1105,com.foreach.across.modules:debug-web-module:3.1.0.RELEASE,1,0,1,1,1
1106,io.restx:restx-common:0.34,1,1,1,1,1
1107,org.springframework.cloud:spring-cloud-dataflow-container-registry:2.7.1,1,0,1,1,1
1108,org.odpi.egeria:data-science-server:2.4,1,0,1,1,1
1109,com.guicedee.services:jakarta.ws.rs-api:1.1.1.2-jre14,1,0,1,1,1
1110,org.apache.sling:org.apache.sling.commons.johnzon:1.2.6,1,1,1,1,1
1111,org.fuin:objects4j:0.6.4,1,0,1,1,0
1112,com.github.911992:WAsys_pojo_http_data_servlet3_wrapper:0.3.9,1,1,1,1,1
1113,org.odpi.egeria:data-science-server:2.2,1,0,1,1,1
1114,net.oneandone.ioc-unit:ioc-unit-jms-mockrunner:2.0.35,1,1,1,1,1
1115,org.jpmml:pmml-model-kryo:1.5.6,1,0,1,1,1
1116,software.amazon.awsconstructs:cognitoapigatewaylambda:1.89.0,1,1,1,1,1
1117,org.wso2.maven:mi-container-config-mapper:5.2.31,1,1,1,1,1
1118,com.google.api-ads:dfp-axis:4.13.0,1,0,1,1,1
1119,org.smallmind:scribe-ink-log4j:4.1.0,1,1,1,1,1
1120,org.opennms.alec:smoke-test:1.1.1,1,0,1,1,1
1121,us.fatehi:schemacrawler-db2:16.12.1,1,0,1,1,1
1122,com.twitter:twitter-server_2.12:20.12.0,1,0,1,1,1
1123,de.learnlib:learnlib-acex:0.16.0,1,0,1,1,1
1124,org.webjars.npm:js-yaml:3.14.1,1,1,1,1,1
1125,com.alibaba.csp:sentinel-native-image-quarkus-adapter-deployment:1.8.1,1,0,1,1,1
1126,net.exoego:aws-sdk-scalajs-facade-sso_sjs1_2.12:0.32.0-v2.798.0,1,1,1,1,1
1127,com.dwolla:testutils-specs2_2.13:2.0.0-M6,1,0,1,1,1
1128,org.apache.tika:tika-langdetect-optimaize:2.0.0-ALPHA,1,0,1,1,1
1129,io.github.ahjohannessen:sec-fs2-client_3.0.0-M1:0.1.0-RC5,1,0,1,1,1
1130,org.apache.camel:camel-disruptor-starter:2.25.3,1,0,1,1,1
1131,io.github.jmcleodfoss:explorer:1.1.2,1,1,1,1,1
1132,com.blazebit:blaze-persistence-entity-view-testsuite:1.5.0,1,0,1,1,1
1133,com.github.gv2011:gsoncore-canonical:0.8,1,1,1,1,1
1134,com.github.houbb:deep-copy-fst:0.0.1,1,1,1,1,1
1135,io.mosip.kernel:kernel-idgenerator-mispid:1.1.3-rc2,0,0,1,1,1
1136,com.disneystreaming:weaver-specs2_sjs1_2.12:0.5.0-RC2,1,0,1,1,1
1137,org.http4s:blaze-http_2.12:0.14.14,1,1,1,1,1
1138,de.averbis.textanalysis:pathology-typesystem:2.38.0,1,0,1,1,1
1139,com.sksamuel.scruffy:scruffy-swagger_2.10:1.0.RC4,1,0,1,1,1
1140,io.inugami:inugami_core_alerting_test:2.0.0,1,0,1,1,1
1141,org.eclipse.dirigible:dirigible-api-facade-kafka:5.8.4,1,0,1,1,1
1142,com.mastfrog:scopes:2.7.2,1,0,1,1,1
1143,org.hibernate.orm:hibernate-jpamodelgen:6.0.0.Alpha7,1,0,1,1,1
1144,com.aliyun:aliyun-java-sdk-rtc:1.2.2,1,1,1,1,1
1145,org.refcodes:refcodes-data-ext-boulderdash:2.1.1,1,1,1,1,1
1146,org.apache.pulsar:pulsar-io-hbase:2.6.3,0,0,0,0,0
1147,io.syndesis.meta:meta:1.11.0,0,0,0,0,0
1148,com.b3dgs.lionengine:lionengine-audio-adlmidi:9.0.5,1,1,1,1,1
1149,org.bytedeco:cminpack-platform:1.3.6-1.5.4,1,1,1,1,1
1150,org.apache.camel.springboot:camel-dozer-starter:3.7.3,1,0,1,1,1
1151,com.yehebl:spring-jdbc-ds-orm:0.0.12,1,1,1,1,1
1152,com.google.cloud:google-cloud-networkconnectivity:0.2.1,1,1,1,1,1
1153,org.codelibs.elasticsearch.module:lang-mustache:7.9.2,1,1,1,1,1
1154,net.codingwell:scala-guice_2.9.1:4.0.0-beta,1,0,1,1,1
1155,com.github.yelong0216:yelong-commons:2.1.2,1,1,1,1,1
1156,dev.zio:zio-test_native0.4_2.11:1.0.4-1,1,0,1,1,1
1157,io.suzaku:diode-data_sjs0.6_2.12:1.1.14,1,1,1,1,1
1158,com.github.ajozwik:quill-async-jdbc-macro_2.12:0.9.2,1,0,1,1,1
1159,ch.codeblock.qrinvoice.core:qrinvoice-core:1.11,1,1,1,1,1
1160,io.jexxa:jexxa-core:2.5.1,1,0,1,1,1
1161,net.exoego:aws-sdk-scalajs-facade-iotdata_sjs1_2.12:0.32.0-v2.798.0,1,1,1,1,1
1162,com.github.derekmorr:refined-anorm_2.12:0.1,1,0,1,1,1
1163,org.commonjava.indy:indy-bindings-jaxrs:2.5.0,0,0,1,1,1
1164,org.quickperf:quick-perf-springboot2-sql-starter:1.0.1,1,1,1,1,1
1165,software.amazon.awssdk:devopsguru:2.15.39,1,1,1,1,1
1166,com.consol.citrus:citrus-selenium:3.0.0-M2,1,0,1,1,1
1167,org.smallmind:scribe-pen:4.3.0,1,1,1,1,1
1168,org.heigit.ohsome:ohsome-filter:1.3.0,1,1,1,1,1
1169,org.springframework.cloud.fn:jms-supplier:1.0.2,1,0,1,1,1
1170,com.labijie.application:framework-geo-starter:2.0.1,1,0,1,1,1
1171,com.webauthn4j:webauthn4j-device-check:0.14.0.RELEASE,1,1,1,1,1
1172,io.spinnaker.kork:kork-swagger:7.105.0,1,0,1,1,1
1173,io.monix:monix-tail_sjs0.6_2.13:3.3.0,1,1,1,1,1
1174,org.scala-lang:scala3-language-server_3.0.0-M1:3.0.0-M1-bin-20201018-bdf634c-NIGHTLY,1,0,1,1,0
1175,fr.inrae.toulouse.metexplore:met4j-graph:0.1.9,1,1,1,1,1
1176,org.apache.camel.quarkus:camel-quarkus-smallrye-reactive-messaging:1.1.0,1,0,1,1,1
1177,org.graalvm.truffle:truffle-tck-common:20.3.1.2,1,1,1,1,1
1178,org.apache.unomi:unomi-persistence-elasticsearch-core:1.5.3,1,1,1,1,1
1179,org.apache.cxf:cxf-rt-javascript:3.4.2,1,0,1,1,0
1180,org.apache.geode:geode-wan:1.12.1,0,0,0,0,0
1181,org.wso2.carbon.identity.metadata.saml2:org.wso2.carbon.identity.idp.metadata.saml2:1.4.3,1,0,1,1,1
1182,tools.cipher:lib:0.2.0,1,1,1,1,1
1183,com.mchange:ens-scala_2.10:0.4.0,1,0,1,1,1
1184,com.tencentcloudapi:tencentcloud-sdk-java-dc:3.1.186,1,0,1,1,1
1185,com.twitter:bijection-hbase_2.9.3:0.6.1,1,0,1,1,1
1186,org.apache.camel:camel-vertx-websocket:3.8.0,1,1,1,1,1
1187,org.apache.camel.springboot:camel-zookeeper-starter:3.5.0,1,0,1,1,1
1188,io.dekorate:vertx-on-kubernetes-example:1.0.2,1,0,1,1,1
1189,software.amazon.glue:schema-registry-examples:1.0.1,1,0,1,1,1
1190,top.klw8.alita:alita-restful-api-starter:0.3.0,0,0,1,1,1
1191,io.avaje:avaje-inject-test:4.1,1,1,1,1,1
1192,dev.zio:zio-config-typesafe_2.12:1.0.2,1,0,1,1,1
1193,org.dkpro.core:dkpro-core-io-perseus-asl:2.2.0,1,0,1,1,1
1194,org.wso2.carbon.commons:org.wso2.carbon.email.verification.ui:4.7.35,1,0,1,1,1
1195,org.sakaiproject.common:sakai-import-bb6:20.2,1,1,1,1,1
1196,com.outegret:scene-email:1.0.8.RELEASE,1,0,1,1,1
1197,org.n52.geoprocessing:javaps-test-processes:4,1,0,1,1,1
1198,com.github.fashionbrot:mars-tool:0.0.1,1,0,1,1,1
1199,io.quarkus:quarkus-amazon-sns:1.8.1.Final,1,0,1,1,1
1200,com.lightbend.lagom:lagom-javadsl-jackson_2.11:1.3.0-M1,1,0,1,1,1
1201,software.amazon.awssdk:ecrpublic:2.16.16,1,1,1,1,1
1202,org.wso2.carbon.business-process:org.wso2.carbon.application.mgt.humantask:4.5.39,1,0,1,1,1
1203,org.apache.cxf.systests:cxf-systests-cdi-owb-no-apps:3.3.10,1,0,1,1,1
1204,nz.net.osnz.composite:composite-jersey-test:1.5,1,0,1,1,1
1205,org.tribuo:tribuo-onnx:4.0.2,1,1,1,1,1
1206,org.finos.legend.engine:legend-engine-protocol-pure:2.19.0,1,1,1,1,1
1207,org.netbeans.modules:org-netbeans-modules-selenium2-maven:RELEASE123,1,0,1,1,1
1208,com.wmp.intellio:dataops-sdk_2.12:0.0.2,1,0,1,1,1
1209,software.amazon.awscdk:inspector:1.87.1,1,1,1,1,1
1210,net.n2oapp.platform:n2o-platform-actuator-autoconfigure:4.2.4,1,0,1,1,1
1211,com.github.huifer:view-redis-core:1.1-Releases-hotfix,1,0,1,1,1
1212,com.fasterxml.jackson.jaxrs:jackson-jaxrs-json-provider:2.12.1,1,0,1,1,1
1213,com.softwaremill.sttp.client3:core_3.0.0-M3:3.0.0-RC14,1,0,1,1,0
1214,org.jboss.pnc.build-agent:client:0.8.0,1,1,1,1,1
1215,com.thoughtworks.dsl:keywords-monadic_sjs1_2.13:1.5.3+34-ee9dbd9a,1,0,1,1,1
1216,io.argonaut:argonaut-cats_sjs1_2.13:6.3.2,1,0,1,1,1
1217,org.opengis.cite:ets-wms11:1.20,1,0,1,1,1
1218,org.opentorah:opentorah-metadata:0.2.4,1,0,1,1,1
1219,com.huaweicloud.dubbo-servicecomb:dubbo-servicecomb-config-center-client:1.1.3,1,1,1,1,1
1220,com.google.api.grpc:grpc-google-cloud-tasks-v2beta3:0.83.0,1,1,1,1,1
1221,org.codehaus.cargo:cargo-core-container-jetty:1.8.5,1,1,1,1,1
1222,io.indigoengine:indigo-core_sjs1_2.13:0.6.0,1,1,1,1,1
1223,org.kie.kogito:serverless-workflow-functions-events-quarkus:1.1.0.Final,1,0,1,1,1
1224,org.eclipse.rdf4j:rdf4j-rio-datatypes:3.6.1,1,0,1,1,1
1225,org.apereo.cas:cas-server-support-configuration-cloud-aws-ssm:6.2.6,0,0,1,1,1
1226,com.vwkit:matrix-module-redis-starter:1.0.9,1,0,1,1,1
1227,org.jxmpp:jxmpp-stringprep-icu4j:1.0.1,1,1,1,1,1
1228,uk.gov.gchq.gaffer:jcs-cache-service:1.14.0,1,1,1,1,1
1229,org.apache.camel:camel-hazelcast-starter:2.25.3,1,0,1,1,1
1230,com.azure.spring:azure-spring-boot-starter:3.3.0,1,0,1,1,1
1231,com.github.fernandospr:java-mpns:0.0.3,1,1,1,1,1
1232,edu.wisc.library.ocfl:ocfl-java-api:1.0.1,1,1,1,1,1
1233,com.twitter:finagle-base-http_2.12:20.10.0,1,0,1,1,1
1234,io.youi:youi-optimizer_2.12:0.13.20,1,0,1,1,1
1235,org.http4s:http4s-jdk-http-client_2.13:0.3.4,1,1,1,1,1
1236,io.pcp.parfait:parfait-io:1.1.0,1,0,1,1,1
1237,com.github.protobufel:extended-regex:0.7.0,1,1,1,1,1
1238,io.quarkus:quarkus-elytron-security-properties-file:1.11.0.Beta2,1,1,1,1,1
1239,se.ugli.durian:durian-java-dom:1.6.0.5,1,1,1,1,1
1240,vip.isass:super-core-web-swagger:super.3.0.3,1,0,1,1,1
1241,com.github.isyscore:isc-mikilin:1.2.1,1,0,1,1,1
1242,com.gooddata:gooddata-http-client:0.8.3,1,1,1,1,1
1243,com.outr:scribe-slf4j_2.13:3.0.3,1,1,1,1,1
1244,org.apache.nifi:nifi-hwx-schema-registry-service:1.13.0,1,0,1,1,1
1245,com.ea.orbit:orbit-actors-postgresql:0.2.3,1,1,1,1,1
1246,com.github.fangjinuo.sqlhelper:sqlhelper-mybatis-over-pagehelper:3.4.9,1,0,1,1,1
1247,dev.zio:zio-zmx_2.12:0.0.5,1,0,1,1,1
1248,com.avast:sst-monix-catnap-pureconfig_2.12:0.4.3,1,1,1,1,1
1249,org.eclipse.hono:client-device-connection-infinispan:1.4.0,1,0,1,1,1
1250,org.scalikejdbc:scalikejdbc-interpolation-core_2.10:1.7.2,1,0,1,1,1
1251,org.wildfly.security:wildfly-elytron-tool:2.0.0.Alpha10,1,1,1,1,1
1252,com.sitewhere:sitewhere-rdb:3.0.1,0,0,1,1,1
1253,org.zkoss.common:zweb-dsp:9.5.0.2,1,1,1,1,1
1254,software.amazon.cloudformation:aws-cloudformation-rpdk-java-plugin:2.0.4,1,0,1,1,1
1255,org.clulab:processors-odin_2.11:8.2.5,1,0,1,1,1
1256,io.activej:activej-inject:4.0-beta1,1,0,1,1,0
1257,org.apache.shiro:shiro-config-ogdl:1.7.1,1,1,1,1,1
1258,org.apache.camel:camel-urlrewrite:2.25.3,1,1,1,1,1
1259,org.scalatest:scalatest-funsuite_3.0.0-RC1:3.2.5,1,0,1,1,0
1260,org.apache.camel.springboot:camel-aws2-kinesis-starter:3.5.0,1,0,1,1,1
1261,com.guicedee.services:jboss-logmanager:1.0.19.11-jre14,1,1,1,1,1
1262,io.github.data-rocks-team:schemaregistry-junit4:0.1.1,1,0,1,1,1
1263,com.aol.cyclops:cyclops-guava:8.2.0,1,1,1,1,1
1264,org.scalatest:scalatest-diagrams_sjs1_2.13:3.2.4,1,0,1,1,1
1265,com.google.api.grpc:grpc-google-cloud-policy-troubleshooter-v1:0.1.0,1,1,1,1,1
1266,org.scalatest:scalatest-core_sjs1_2.11:3.2.5,1,0,1,1,1
1267,com.jwebmp.plugins.jquery:jwebmp-jqui-themes-nestable:1.1.0.7-jre14,1,0,1,1,1
1268,org.terrier:terrier-rest-server:5.4,0,0,0,0,0
1269,net.guerlab.smart.wx:smart-wx-service:20.2.2,0,0,1,1,1
1270,com.github.pellaton.config-validation-processor:config-validation-processor-core:3.0.8,1,0,1,1,1
1271,com.stratio.meta:meta-common:0.0.5,1,0,1,1,1
1272,org.apache.jena:jena-rdfconnection:3.17.0,1,1,1,1,1
1273,org.glassfish.jersey.test-framework.providers:jersey-test-framework-provider-jdk-http:2.32,1,0,1,1,1
1274,com.github.kynthus:unixista-util_2.11:1.0.0,1,1,1,1,1
1275,com.codepine.api:testrail-api-java-client:2.0.1,1,1,1,1,1
1276,com.kreait.slack:slack-spring-test-api-client:2.0.0,1,0,1,1,1
1277,dev.the-fireplace:GrandEconomy:4.1.0+1.15.2,1,1,1,1,1
1278,org.apache.activemq.examples.broker:netty-openssl:2.15.0,1,1,1,1,1
1279,org.scalameta:semanticdb-scalac_2.12.8:4.4.9,1,1,1,1,1
1280,net.optionfactory.spring:upstream-interceptor-spring-oauth2:4.3,1,0,1,1,1
1281,com.helger.commons:ph-collection:10.0.0,1,1,1,1,1
1282,org.wvlet.airframe:airframe_sjs1_2.12:20.12.2,1,0,1,1,1
1283,io.quarkus:quarkus-vertx-http:1.10.1.Final,1,0,1,1,1
1284,de.sciss:lucre-bdb_3.0.0-M3:4.4.1,1,0,1,1,0
1285,net.mindengine:galen:1.6.4,1,0,1,1,1
1286,org.apache.pulsar:pulsar-proxy:2.6.2,1,0,1,1,1
1287,com.github.leeonky:java-builder:0.1.10,1,1,1,1,1
1288,org.dhatim:hamcrest-postgresql:0.0.26,1,1,1,1,1
1289,org.apache.openwebbeans:openwebbeans-resource:2.0.20,1,1,1,1,1
1290,de.adorsys:datasafe-storage-impl-db:1.0.3,1,0,1,1,1
1291,com.github.jonasrutishauser.maven.wagon:wagon-git:1.1.1,1,1,1,1,1
1292,com.thoughtworks.dsl:keywords-flatmap_sjs1_2.12:1.5.3+34-ee9dbd9a,1,0,1,1,1
1293,com.lordcodes.turtle:turtle:0.4.0,1,0,1,1,1
1294,org.jeecgframework.nacos:nacos-console:1.4.1,1,0,1,1,1
1295,org.openehealth.ipf.platform-camel:ipf-platform-camel-ihe-fhir-stu3-pixpdq:3.7.4,0,0,1,1,1
1296,com.github.paulcwarren:spring-content-jpa-boot-starter:1.2.0,1,0,1,1,1
1297,org.jetbrains.dokka:dokka-core:1.4.20-dev-65,1,0,1,1,0
1298,org.popperfw:forge:0.10.0,1,1,1,1,1
1299,org.eclipse.rdf4j:rdf4j-util:3.4.2,1,1,1,1,1
1300,com.oracle.oci.sdk:oci-java-sdk-cloudguard:1.33.1,1,0,1,1,1
1301,cn.stylefeng.roses:system-business-menu:7.0.1,1,0,1,1,1
1302,io.fabric8.apps:templates:2.2.100,1,0,1,1,1
1303,com.github.johnnymillergh.boot:media-streaming-spring-boot-autoconfigure:1.2.0,1,0,1,1,1
1304,com.aoindustries:ao-cron:2.1.0,1,1,1,1,1
1305,com.narbase:kunafa:0.2.25,1,1,1,1,1
1306,com.github.yelong0216.dream.first:dream-first-core:2.0.2,1,0,1,1,1
1307,net.anwiba.commons.tools:anwiba-tools-definition-schema-json:1.1.121,1,1,1,1,1
1308,ro.dragossusi.sevens:game-listener-js:1.0.9,1,1,1,1,1
1309,com.geteventstore:eventstore-client-core_2.12:7.3.1,1,1,1,1,1
1310,org.casbin:jdbc-adapter:2.0.2,1,1,1,1,1
1311,it.fabioformosa.quartz-manager:quartz-manager-security:3.0.0,1,0,1,1,1
1312,io.hetu.core:presto-session-property-managers:1.0.1,1,0,1,1,1
1313,com.google.cloud.datastore:datastore-v1beta3-proto-client:1.0.0-beta,1,1,1,1,1
1314,uk.ac.gate:gate-core:8.5,1,0,1,1,0
1315,dk.bankdata.tools:cache:1.0.10,1,0,1,1,1
1316,com.github.materna-se.fegen:fegen-web:1.0-RC7,1,0,1,1,1
1317,com.lihaoyi:fastparse_2.13:2.3.1,1,1,1,1,1
1318,io.stryker-mutator:mutation-testing-metrics-circe_2.12:1.7.0,1,1,1,1,1
1319,com.day.cq.portlet:cq-portlet-filecache:5.4.2,1,1,1,1,1
1320,one.xingyi:cddengine_2.13:0.6.7,1,0,1,1,1
1321,org.dotwebstack.framework:backend-json:0.3.2,1,0,1,1,1
1322,org.apache.jena:jena-dboe-trans-data:3.17.0,1,1,1,1,1
1323,de.julielab:gene-name-mapping-ae:1.0.1,1,0,1,1,1
1324,org.opencastproject:opencast-engage-theodul-plugin-tab-downloads:9.2,1,1,1,1,1
1325,org.bndly.common.rest:org.bndly.common.rest.bpm-resource-beans:1.0.2,1,0,1,1,1
1326,com.lihaoyi:upickle-implicits_2.13:1.2.2,1,1,1,1,1
1327,org.apache.camel.k:camel-k-kamelet:1.6.0,1,0,1,1,1
1328,com.clouway.testing:clouway-ktesting-sitebricks:0.0.7,1,0,1,1,1
1329,io.apisense:dart-generator:1.4.2,1,1,1,1,1
1330,io.github.petertrr:kotlin-multiplatform-diff-js:0.1.0,1,1,1,1,1
1331,com.proofpoint.platform:discovery:2.38,1,0,1,1,1
1332,com.tencentcloudapi:tencentcloud-sdk-java-cds:3.1.210,1,0,1,1,1
1333,org.talend.esb.sam.service:sam-service-soap:7.3.1,1,0,1,1,1
1334,org.atmosphere:atmosphere-guice:2.6.4,1,0,1,1,1
1335,com.github.monkeywie:proxyee:1.4.1,1,1,1,1,1
1336,org.sonatype.nexus:nexus-guice-servlet:3.27.0-03,1,0,1,1,1
1337,io.provis:provisio-maven:0.0.10,1,1,1,1,1
1338,org.json4s:json4s-ast_2.12:3.7.0-M8,1,1,1,1,1
1339,org.dkpro.core:dkpro-core-stanfordnlp-gpl:2.2.0,0,0,0,0,0
1340,com.github.andyglow:scala-jsonschema-parser_2.11:0.7.1,1,0,1,1,1
1341,org.jbpm:jbpm-wb-forms-client:7.44.0.Final,0,0,1,1,1
1342,ru.tinkoff:typed-schema-finagle-zio_2.12:0.14.0,1,0,0,0,0
1343,io.opentelemetry.javaagent.instrumentation:opentelemetry-javaagent-aws-sdk-2.2:0.16.1,1,1,1,1,1
1344,de.tk.opensource:3rdparty-privacy-proxy:1.0.12,1,0,1,1,1
1345,org.eclipse.dirigible:dirigible-ext-elasticsearch:5.8.2,1,0,1,1,1
1346,io.vertx:vertx-mysql-postgresql-client-jasync:3.9.5,1,0,1,1,0
1347,io.sitoolkit.cv:sit-cv-app:1.0.0,1,0,1,1,0
1348,com.github.j5ik2o:akka-persistence-dynamodb-query_2.12:1.1.8,1,0,1,1,0
1349,nu.validator:vnu-maven-plugin:0.0.2,1,1,1,1,1
1350,io.github.histogrammar:histogrammar-sparksql_2.12:1.0.11,1,1,1,1,1
1351,io.fluidsonic.raptor:raptor-ktor-test-jvm:0.9.3-kotlin-1.5,1,0,1,1,1
1352,com.aliyun:ros-cdk-waf:1.0.0,1,1,1,1,1
1353,org.digidoc4j.dss:dss-validation-soap:5.7.d4j.2,1,0,1,1,0
1354,com.storyclm:storyclmsdk:1.0.0,1,0,1,1,0
1355,global.namespace.fun-io:fun-io-commons-compress:2.4.1,1,0,1,1,0
1356,org.ogc-schemas:wcs-interpolation-v_1_0:3.0.0,1,0,1,1,0
1357,org.apache.camel.quarkus:camel-quarkus-aws-translate:1.7.0,1,0,1,1,1
1358,com.google.http-client:google-http-client-jackson2:1.39.0,1,0,1,1,0
1359,org.apache.karaf.jaas:org.apache.karaf.jaas.jasypt:4.2.11,1,0,1,1,0
